name_long,name_short,skl_code,county,muni_group,fa_region,neighbours
Ale kommun,Ale,1440,Västra Götalands län,Förortskommuner till storstäderna,Stockholm,"Kungälv,Göteborg,Alingsås,Lerum,Trollhättan,Lilla Edet"
Alingsås kommun,Alingsås,1489,Västra Götalands län,Förortskommuner till storstäderna,Stockholm,"Bollebygd,Lerum,Trollhättan,Ale,Vårgårda,Essunga"
Älmhults kommun,Älmhult,0765,Kronobergs län,Förortskommuner till storstäderna,Stockholm,"Hässleholm,Olofström,Osby,Tingsryd,Alvesta,Ljungby,Markaryd"
Älvdalens kommun,Älvdalen,2039,Dalarnas län,Förortskommuner till storstäderna,Stockholm,"Härjedalen,Mora,Malung-Sälen"
Alvesta kommun,Alvesta,0764,Kronobergs län,Förortskommuner till storstäderna,Stockholm,"Tingsryd,Växjö,Ljungby,Älmhult,Sävsjö,Värnamo"
Älvkarleby kommun,Älvkarleby,0319,Uppsala län,Förortskommuner till storstäderna,Stockholm,"Tierp,Gävle"
Älvsbyns kommun,Älvsbyn,2560,Norrbottens län,Förortskommuner till storstäderna,Stockholm,"Arvidsjaur,Piteå,Luleå,Boden,Jokkmokk"
Åmåls kommun,Åmål,1492,Västra Götalands län,Förortskommuner till storstäderna,Stockholm,"Säffle,Bengtsfors,Mellerud,Årjäng"
Aneby kommun,Aneby,0604,Jönköpings län,Förortskommuner till storstäderna,Stockholm,"Eksjö,Ydre,Tranås,Nässjö,Jönköping"
Ånge kommun,Ånge,2260,Västernorrlands län,Förortskommuner till storstäderna,Stockholm,"Berg,Härjedalen,Ljusdal,Nordanstig,Hudiksvall,Bräcke,Sundsvall"
Ängelholms kommun,Ängelholm,1292,Skåne län,Förortskommuner till storstäderna,Stockholm,"Helsingborg,Laholm,Örkelljunga,Klippan,Åstorp,Båstad"
Arboga kommun,Arboga,1984,Västmanlands län,Förortskommuner till storstäderna,Stockholm,"Kungsör,Eskilstuna,Lindesberg,Örebro,Köping"
Åre kommun,Åre,2321,Jämtlands län,Förortskommuner till större städer,Stockholm,"Berg,Krokom"
Årjängs kommun,Årjäng,1765,Värmlands län,Förortskommuner till storstäderna,Stockholm,"Säffle,Åmål,Bengtsfors,Dals-Ed,Arvika,Eda"
Arjeplogs kommun,Arjeplog,2506,Norrbottens län,Förortskommuner till storstäderna,Stockholm,"Arvidsjaur,Sorsele,Jokkmokk"
Arvidsjaurs kommun,Arvidsjaur,2505,Norrbottens län,Förortskommuner till storstäderna,Stockholm,"Norsjö,Malå,Sorsele,Piteå,Skellefteå,Älvsbyn,Jokkmokk,Arjeplog"
Arvika kommun,Arvika,1784,Värmlands län,Storstäder,Stockholm,"Säffle,Sunne,Årjäng,Torsby,Eda,Kil,Grums"
Åsele kommun,Åsele,2463,Västerbottens län,Större städer,Stockholm,"Bjurholm,Lycksele,Örnsköldsvik,Vilhelmina,Dorotea,Sollefteå"
Askersunds kommun,Askersund,1882,Örebro län,Förortskommuner till storstäderna,Stockholm,"Motala,Karlsborg,Laxå,Hallsberg"
Åstorps kommun,Åstorp,1277,Skåne län,Förortskommuner till storstäderna,Stockholm,"Helsingborg,Bjuv,Svalöv,Klippan,Ängelholm"
Åtvidabergs kommun,Åtvidaberg,0561,Östergötlands län,Förortskommuner till storstäderna,Stockholm,"Västervik,Valdemarsvik,Söderköping,Linköping,Kinda"
Avesta kommun,Avesta,2084,Dalarnas län,Förortskommuner till storstäderna,Stockholm,"Heby,Norberg,Sala,Hofors,Sandviken,Hedemora"
Båstads kommun,Båstad,1278,Skåne län,Förortskommuner till storstäderna,Stockholm,"Laholm,Ängelholm"
Bengtsfors kommun,Bengtsfors,1460,Västra Götalands län,Turism- och besöksnäringskommuner,Stockholm,"Säffle,Åmål,Dals-Ed,Mellerud,Färgelanda,Årjäng"
Bergs kommun,Berg,2326,Jämtlands län,Pendlingskommuner,Stockholm,"Härjedalen,Åre,Östersund,Ånge,Bräcke"
Bjurholms kommun,Bjurholm,2403,Västerbottens län,Förortskommuner till storstäderna,Stockholm,"Vindeln,Nordmaling,Lycksele,Örnsköldsvik,Åsele,Vännäs"
Bjuvs kommun,Bjuv,1260,Skåne län,Förortskommuner till storstäderna,Stockholm,"Helsingborg,Svalöv,Åstorp"
Bodens kommun,Boden,2582,Norrbottens län,Förortskommuner till större städer,Gävle,"Piteå,Luleå,Älvsbyn,Gällivare,Jokkmokk,Överkalix"
Bollebygds kommun,Bollebygd,1443,Västra Götalands län,Förortskommuner till större städer,Stockholm,"Borås,Mark,Härryda,Alingsås,Lerum,Vårgårda"
Bollnäs kommun,Bollnäs,2183,Gävleborgs län,Pendlingskommuner,Stockholm,"Ockelbo,Ljusdal,Ovanåker,Falun,Hudiksvall,Söderhamn"
Borås stad,Borås,1490,Västra Götalands län,Varuproducerande kommuner,Stockholm,"Svenljunga,Mark,Bollebygd,Herrljunga,Vårgårda,Ulricehamn,Tranemo"
Borgholms kommun,Borgholm,0885,Kalmar län,Större städer,Stockholm,Mörbylånga
Borlänge kommun,Borlänge,2081,Dalarnas län,Kommuner i tätbefolkad region,Stockholm,"Ludvika,Leksand,Gagnef,Falun,Säter"
Botkyrka kommun,Botkyrka,0127,Stockholms län,Turism- och besöksnäringskommuner,Stockholm,"Södertälje,Nynäshamn,Salem,Ekerö,Huddinge,Haninge"
Boxholms kommun,Boxholm,0560,Östergötlands län,Pendlingskommuner,Eskilstuna,"Mjölby,Linköping,Kinda,Ydre,Tranås,Ödeshög"
Bräcke kommun,Bräcke,2305,Jämtlands län,Förortskommuner till större städer,Stockholm,"Berg,Östersund,Ånge,Sundsvall,Ragunda"
Bromölla kommun,Bromölla,1272,Skåne län,Större städer,Nyköping,"Kristianstad,Olofström,Sölvesborg"
Burlövs kommun,Burlöv,1231,Skåne län,Varuproducerande kommuner,Nyköping,"Lomma,Staffanstorp,Malmö,Svedala"
Dals-Eds kommun,Dals-Ed,1438,Västra Götalands län,Kommuner i tätbefolkad region,Eskilstuna,"Munkedal,Tanum,Bengtsfors,Färgelanda,Årjäng"
Danderyds kommun,Danderyd,0162,Stockholms län,Kommuner i tätbefolkad region,Eskilstuna,"Sollentuna,Lidingö,Stockholm,Täby,Solna"
Degerfors kommun,Degerfors,1862,Örebro län,Större städer,Eskilstuna,"Lekeberg,Storfors,Kristinehamn,Gullspång,Laxå,Karlskoga"
Dorotea kommun,Dorotea,2425,Västerbottens län,Pendlingskommuner,Stockholm,"Vilhelmina,Åsele,Strömsund,Sollefteå"
Eda kommun,Eda,1730,Värmlands län,Förortskommuner till större städer,Stockholm,"Arvika,Årjäng"
Ekerö kommun,Ekerö,0125,Stockholms län,Pendlingskommuner,Östergötland,"Botkyrka,Salem,Upplands-Bro,Stockholm"
Eksjö kommun,Eksjö,0686,Jönköpings län,Pendlingskommuner,Tranås,"Vetlanda,Hultsfred,Vimmerby,Ydre,Aneby,Nässjö"
Emmaboda kommun,Emmaboda,0862,Kalmar län,Kommuner i tätbefolkad region,Östergötland,"Ronneby,Lessebo,Tingsryd,Karlskrona,Nybro,Kalmar,Torsås"
Enköpings kommun,Enköping,0381,Uppsala län,Pendlingskommuner,Östergötland,"Heby,Håbo,Uppsala,Sala,Västerås"
Eskilstuna kommun,Eskilstuna,0484,Södermanlands län,Pendlingskommuner,Östergötland,"Strängnäs,Kungsör,Flen,Katrineholm,Arboga"
Eslövs kommun,Eslöv,1285,Skåne län,Varuproducerande kommuner,Östergötland,"Kävlinge,Lund,Höör,Hörby,Sjöbo,Svalöv,Klippan"
Essunga kommun,Essunga,1445,Västra Götalands län,Turism- och besöksnäringskommuner,Östergötland,"Alingsås,Trollhättan,Vara,Herrljunga,Vårgårda,Grästorp"
Fagersta kommun,Fagersta,1982,Västmanlands län,Större städer,Östergötland,"Smedjebacken,Norberg,Skinnskatteberg,Sala,Surahammar"
Falkenbergs kommun,Falkenberg,1382,Hallands län,Större städer,Östergötland,"Svenljunga,Mark,Varberg,Hylte,Halmstad,Gislaved"
Falköpings kommun,Falköping,1499,Västra Götalands län,Förortskommuner till större städer,Östergötland,"Skara,Vara,Herrljunga,Ulricehamn,Skövde,Tidaholm,Mullsjö"
Falu kommun,Falun,2080,Dalarnas län,Kommuner i tätbefolkad region,Östergötland,"Rättvik,Leksand,Gagnef,Ockelbo,Hofors,Sandviken,Ovanåker,Borlänge,Säter,Hedemora,Bollnäs"
Färgelanda kommun,Färgelanda,1439,Västra Götalands län,Pendlingskommuner,Östergötland,"Munkedal,Uddevalla,Bengtsfors,Dals-Ed,Mellerud,Vänersborg"
Filipstads kommun,Filipstad,1782,Värmlands län,Kommuner i tätbefolkad region,Östergötland,"Karlstad,Storfors,Ludvika,Hällefors,Malung-Sälen,Vansbro,Hagfors"
Finspångs kommun,Finspång,0562,Östergötlands län,Pendlingskommuner,Jönköping,"Norrköping,Vingåker,Motala,Linköping,Katrineholm,Örebro,Hallsberg"
Flens kommun,Flen,0482,Södermanlands län,Varuproducerande kommuner,Värnamo,"Strängnäs,Eskilstuna,Katrineholm,Gnesta,Nyköping"
Forshaga kommun,Forshaga,1763,Värmlands län,Pendlingskommuner,Jönköping,"Sunne,Munkfors,Kil,Karlstad,Hagfors"
Gagnefs kommun,Gagnef,2026,Dalarnas län,Förortskommuner till större städer,Jönköping,"Ludvika,Leksand,Vansbro,Falun,Borlänge"
Gällivare kommun,Gällivare,2523,Norrbottens län,Varuproducerande kommuner,Värnamo,"Kiruna,Boden,Jokkmokk,Överkalix,Pajala"
Gävle kommun,Gävle,2180,Gävleborgs län,Varuproducerande kommuner,Jönköping,"Heby,Älvkarleby,Tierp,Ockelbo,Sandviken,Söderhamn"
Gislaveds kommun,Gislaved,0662,Jönköpings län,Större städer,Jönköping,"Svenljunga,Falkenberg,Hylte,Ljungby,Tranemo,Vaggeryd,Värnamo,Gnosjö,Jönköping"
Gnesta kommun,Gnesta,0461,Södermanlands län,Kommuner i tätbefolkad region,Jönköping,"Strängnäs,Trosa,Södertälje,Nykvarn,Flen,Nyköping"
Gnosjö kommun,Gnosjö,0617,Jönköpings län,Varuproducerande kommuner,Värnamo,"Vaggeryd,Värnamo,Gislaved"
Göteborgs stad,Göteborg,1480,Västra Götalands län,Varuproducerande kommuner,Vetlanda,"Kungälv,Mölndal,Partille,Öckerö,Härryda,Kungsbacka,Lerum,Ale"
Götene kommun,Götene,1471,Västra Götalands län,Varuproducerande kommuner,Vetlanda,"Skara,Mariestad,Lidköping,Skövde"
Gotland,Gotland,0980,Gotlands län,Kommuner i tätbefolkad region,Jönköping,
Grästorps kommun,Grästorp,1444,Västra Götalands län,Varuproducerande kommuner,Tranås,"Vänersborg,Trollhättan,Vara,Essunga,Lidköping"
Grums kommun,Grums,1764,Värmlands län,Varuproducerande kommuner,Växjö,"Säffle,Arvika,Kil,Karlstad"
Gullspångs kommun,Gullspång,1447,Västra Götalands län,Pendlingskommuner,Växjö,"Mariestad,Töreboda,Kristinehamn,Laxå,Degerfors"
Habo kommun,Habo,0643,Jönköpings län,Varuproducerande kommuner,Växjö,"Hjo,Tidaholm,Mullsjö,Jönköping"
Håbo kommun,Håbo,0305,Uppsala län,Pendlingskommuner,Växjö,"Upplands-Bro,Knivsta,Sigtuna,Uppsala,Enköping"
Hagfors kommun,Hagfors,1783,Värmlands län,Kommuner i tätbefolkad region,Älmhult,"Sunne,Forshaga,Munkfors,Torsby,Karlstad,Malung-Sälen,Filipstad"
Hällefors kommun,Hällefors,1863,Örebro län,Varuproducerande kommuner,Ljungby,"Storfors,Ludvika,Karlskoga,Nora,Filipstad,Lindesberg,Ljusnarsberg"
Hallsbergs kommun,Hallsberg,1861,Örebro län,Större städer,Växjö,"Finspång,Motala,Lekeberg,Laxå,Kumla,Örebro,Askersund"
Hallstahammars kommun,Hallstahammar,1961,Västmanlands län,Varuproducerande kommuner,Ljungby,"Köping,Surahammar,Västerås"
Halmstads kommun,Halmstad,1380,Hallands län,Pendlingskommuner,Oskarshamn,"Laholm,Falkenberg,Hylte,Ljungby"
Hammarö kommun,Hammarö,1761,Värmlands län,Varuproducerande kommuner,Kalmar,Karlstad
Haninge kommun,Haninge,0136,Stockholms län,Förortskommuner till större städer,Kalmar,"Nynäshamn,Botkyrka,Tyresö,Huddinge"
Haparanda stad,Haparanda,2583,Norrbottens län,Varuproducerande kommuner,Vimmerby,"Övertorneå,Kalix"
Härjedalens kommun,Härjedalen,2361,Jämtlands län,Varuproducerande kommuner,Oskarshamn,"Orsa,Berg,Älvdalen,Mora,Ånge,Ljusdal"
Härnösands kommun,Härnösand,2280,Västernorrlands län,Varuproducerande kommuner,Kalmar,"Timrå,Sundsvall,Kramfors,Sollefteå"
Härryda kommun,Härryda,1401,Västra Götalands län,Större städer,Kalmar,"Mölndal,Göteborg,Partille,Mark,Bollebygd,Kungsbacka,Lerum"
Hässleholms kommun,Hässleholm,1293,Skåne län,Varuproducerande kommuner,Kalmar,"Kristianstad,Höör,Hörby,Perstorp,Örkelljunga,Klippan,Östra Göinge,Osby,Älmhult,Markaryd"
Heby kommun,Heby,0331,Uppsala län,Varuproducerande kommuner,Oskarshamn,"Tierp,Uppsala,Enköping,Sala,Gävle,Sandviken,Avesta"
Hedemora kommun,Hedemora,2083,Dalarnas län,Kommuner i tätbefolkad region,Västervik,"Smedjebacken,Norberg,Hofors,Avesta,Falun,Säter"
Helsingborgs stad,Helsingborg,1283,Skåne län,Varuproducerande kommuner,Vimmerby,"Bjuv,Svalöv,Landskrona,Åstorp,Ängelholm,Höganäs"
Herrljunga kommun,Herrljunga,1466,Västra Götalands län,Turism- och besöksnäringskommuner,Kalmar,"Borås,Vara,Vårgårda,Essunga,Ulricehamn,Falköping"
Hjo kommun,Hjo,1497,Västra Götalands län,Turism- och besöksnäringskommuner,Gotland,"Karlsborg,Tibro,Skövde,Tidaholm,Habo"
Hofors kommun,Hofors,2104,Gävleborgs län,Varuproducerande kommuner,Blekinge,"Sandviken,Avesta,Falun,Säter,Hedemora"
Höganäs kommun,Höganäs,1284,Skåne län,Större städer,Blekinge,Helsingborg
Högsby kommun,Högsby,0821,Kalmar län,Kommuner i tätbefolkad region,Blekinge,"Uppvidinge,Vetlanda,Oskarshamn,Nybro,Mönsterås,Hultsfred"
Höörs kommun,Höör,1267,Skåne län,Kommuner i tätbefolkad region,Blekinge,"Eslöv,Hässleholm,Hörby,Klippan"
Hörby kommun,Hörby,1266,Skåne län,Kommuner i tätbefolkad region,Kristianstad,"Eslöv,Hässleholm,Kristianstad,Tomelilla,Höör,Sjöbo"
Huddinge kommun,Huddinge,0126,Stockholms län,Pendlingskommuner,Malmö,"Botkyrka,Nacka,Stockholm,Tyresö,Haninge"
Hudiksvalls kommun,Hudiksvall,2184,Gävleborgs län,Förortskommuner till storstäderna,Malmö,"Ånge,Ljusdal,Nordanstig,Söderhamn,Bollnäs"
Hultsfreds kommun,Hultsfred,0860,Kalmar län,Förortskommuner till storstäderna,Malmö,"Uppvidinge,Eksjö,Vetlanda,Oskarshamn,Högsby,Vimmerby"
Hylte kommun,Hylte,1315,Hallands län,Förortskommuner till storstäderna,Malmö,"Falkenberg,Halmstad,Ljungby,Gislaved"
Järfälla kommun,Järfälla,0123,Stockholms län,Pendlingskommuner,Kristianstad,"Upplands Väsby,Upplands-Bro,Sollentuna,Stockholm"
Jokkmokks kommun,Jokkmokk,2510,Norrbottens län,Varuproducerande kommuner,Malmö,"Arvidsjaur,Boden,Älvsbyn,Gällivare,Arjeplog"
Jönköpings kommun,Jönköping,0680,Jönköpings län,Förortskommuner till större städer,Malmö,"Tranås,Ödeshög,Aneby,Ulricehamn,Tranemo,Nässjö,Vaggeryd,Gislaved,Mullsjö,Habo"
Kalix kommun,Kalix,2514,Norrbottens län,Förortskommuner till större städer,Malmö,"Luleå,Haparanda,Övertorneå,Överkalix"
Kalmar kommun,Kalmar,0880,Kalmar län,Förortskommuner till storstäderna,Malmö,"Emmaboda,Nybro,Mönsterås,Torsås"
Karlsborgs kommun,Karlsborg,1446,Västra Götalands län,Förortskommuner till storstäderna,Malmö,"Töreboda,Tibro,Hjo,Laxå,Askersund"
Karlshamns kommun,Karlshamn,1082,Blekinge län,Förortskommuner till storstäderna,Malmö,"Olofström,Sölvesborg,Ronneby,Tingsryd"
Karlskoga kommun,Karlskoga,1883,Örebro län,Förortskommuner till större städer,Malmö,"Lekeberg,Storfors,Kristinehamn,Degerfors,Nora,Hällefors,Örebro"
Karlskrona kommun,Karlskrona,1080,Blekinge län,Förortskommuner till större städer,Malmö,"Ronneby,Emmaboda,Torsås"
Karlstads kommun,Karlstad,1780,Värmlands län,Förortskommuner till större städer,Malmö,"Forshaga,Kil,Storfors,Grums,Kristinehamn,Hammarö,Hagfors,Filipstad"
Katrineholms kommun,Katrineholm,0483,Södermanlands län,Pendlingskommuner,Malmö,"Norrköping,Vingåker,Finspång,Eskilstuna,Flen,Nyköping"
Kävlinge kommun,Kävlinge,1261,Skåne län,Pendlingskommuner,Kristianstad,"Eslöv,Lomma,Lund,Svalöv,Landskrona"
Kils kommun,Kil,1715,Värmlands län,Pendlingskommuner,Älmhult,"Arvika,Sunne,Forshaga,Karlstad,Grums"
Kinda kommun,Kinda,0513,Östergötlands län,Varuproducerande kommuner,Malmö,"Vimmerby,Västervik,Åtvidaberg,Linköping,Boxholm,Ydre"
Kiruna kommun,Kiruna,2584,Norrbottens län,Pendlingskommuner,Malmö,"Gällivare,Pajala"
Klippans kommun,Klippan,1276,Skåne län,Förortskommuner till större städer,Malmö,"Eslöv,Hässleholm,Höör,Svalöv,Perstorp,Örkelljunga,Åstorp,Ängelholm"
Knivsta kommun,Knivsta,0330,Uppsala län,Turism- och besöksnäringskommuner,Malmö,"Sigtuna,Håbo,Uppsala,Norrtälje"
Köpings kommun,Köping,1983,Västmanlands län,Storstäder,Malmö,"Kungsör,Lindesberg,Skinnskatteberg,Arboga,Surahammar,Västerås,Hallstahammar"
Kramfors kommun,Kramfors,2282,Västernorrlands län,Större städer,Malmö,"Härnösand,Örnsköldsvik,Sollefteå"
Kristianstads kommun,Kristianstad,1290,Skåne län,Kommuner i tätbefolkad region,Malmö,"Hässleholm,Simrishamn,Tomelilla,Hörby,Olofström,Bromölla,Östra Göinge,Osby"
Kristinehamns kommun,Kristinehamn,1781,Värmlands län,Större städer,Malmö,"Karlstad,Storfors,Gullspång,Laxå,Degerfors,Karlskoga"
Krokoms kommun,Krokom,2309,Jämtlands län,Pendlingskommuner,Malmö,"Åre,Östersund,Strömsund"
Kumla kommun,Kumla,1881,Örebro län,Förortskommuner till större städer,Malmö,"Lekeberg,Örebro,Hallsberg"
Kungälvs kommun,Kungälv,1482,Västra Götalands län,Kommuner i tätbefolkad region,Malmö,"Stenungsund,Göteborg,Ale,Lilla Edet"
Kungsbacka kommun,Kungsbacka,1384,Hallands län,Pendlingskommuner,Malmö,"Mölndal,Göteborg,Mark,Varberg,Härryda"
Kungsörs kommun,Kungsör,1960,Västmanlands län,Större städer,Kristianstad,"Eskilstuna,Köping,Arboga"
Laholms kommun,Laholm,1381,Hallands län,Kommuner i tätbefolkad region,Malmö,"Örkelljunga,Ängelholm,Båstad,Halmstad,Ljungby,Markaryd"
Landskrona stad,Landskrona,1282,Skåne län,Pendlingskommuner,Malmö,"Kävlinge,Helsingborg,Svalöv"
Laxå kommun,Laxå,1860,Örebro län,Större städer,Kristianstad,"Lekeberg,Töreboda,Karlsborg,Kristinehamn,Gullspång,Degerfors,Hallsberg,Askersund"
Lekebergs kommun,Lekeberg,1814,Örebro län,Varuproducerande kommuner,Halmstad,"Laxå,Degerfors,Karlskoga,Kumla,Örebro,Hallsberg"
Leksands kommun,Leksand,2029,Dalarnas län,Större städer,Halmstad,"Rättvik,Mora,Vansbro,Gagnef,Falun,Borlänge"
Lerums kommun,Lerum,1441,Västra Götalands län,Kommuner i tätbefolkad region,Halmstad,"Göteborg,Partille,Bollebygd,Härryda,Alingsås,Ale"
Lessebo kommun,Lessebo,0761,Kronobergs län,Kommuner i tätbefolkad region,Halmstad,"Emmaboda,Uppvidinge,Tingsryd,Växjö,Nybro"
Lidingö stad,Lidingö,0186,Stockholms län,Större städer,Göteborg,"Nacka,Stockholm,Vaxholm,Danderyd"
Lidköpings kommun,Lidköping,1494,Västra Götalands län,Förortskommuner till storstäderna,Göteborg,"Götene,Skara,Vänersborg,Vara,Grästorp"
Lilla Edets kommun,Lilla Edet,1462,Västra Götalands län,Förortskommuner till storstäderna,Göteborg,"Stenungsund,Kungälv,Uddevalla,Vänersborg,Trollhättan,Ale"
Lindesbergs kommun,Lindesberg,1885,Örebro län,Förortskommuner till storstäderna,Göteborg,"Nora,Hällefors,Örebro,Ljusnarsberg,Smedjebacken,Skinnskatteberg,Köping,Arboga"
Linköpings kommun,Linköping,0580,Östergötlands län,Förortskommuner till storstäderna,Göteborg,"Söderköping,Åtvidaberg,Norrköping,Finspång,Motala,Mjölby,Boxholm,Kinda"
Ljungby kommun,Ljungby,0781,Kronobergs län,Pendlingskommuner,Göteborg,"Laholm,Hylte,Halmstad,Alvesta,Älmhult,Markaryd,Värnamo,Gislaved"
Ljusdals kommun,Ljusdal,2161,Gävleborgs län,Pendlingskommuner,Göteborg,"Orsa,Rättvik,Härjedalen,Ånge,Ovanåker,Nordanstig,Hudiksvall,Bollnäs"
Ljusnarsbergs kommun,Ljusnarsberg,1864,Örebro län,Pendlingskommuner,Göteborg,"Ludvika,Hällefors,Lindesberg,Smedjebacken"
Lomma kommun,Lomma,1262,Skåne län,Turism- och besöksnäringskommuner,Trollhättan,"Kävlinge,Burlöv,Staffanstorp,Lund,Malmö"
Ludvika kommun,Ludvika,2085,Dalarnas län,Pendlingskommuner,Trollhättan,"Hällefors,Vansbro,Filipstad,Gagnef,Ljusnarsberg,Smedjebacken,Borlänge,Säter"
Luleå kommun,Luleå,2580,Norrbottens län,Turism- och besöksnäringskommuner,Strömstad,"Piteå,Boden,Älvsbyn,Kalix,Överkalix"
Lunds kommun,Lund,1281,Skåne län,Glesbygdkommuner,Bengtsfors,"Trelleborg,Eslöv,Kävlinge,Lomma,Staffanstorp,Svedala,Sjöbo,Skurup"
Lycksele kommun,Lycksele,2481,Västerbottens län,Pendlingskommuner,Trollhättan,"Vindeln,Norsjö,Bjurholm,Malå,Sorsele,Storuman,Vilhelmina,Åsele"
Lysekils kommun,Lysekil,1484,Västra Götalands län,Förortskommuner till storstäderna,Göteborg,"Munkedal,Sotenäs,Uddevalla,Orust"
Malå kommun,Malå,2418,Västerbottens län,Förortskommuner till storstäderna,Göteborg,"Arvidsjaur,Norsjö,Lycksele,Sorsele"
Malmö stad,Malmö,1280,Skåne län,Pendlingskommuner,Göteborg,"Lomma,Burlöv,Staffanstorp,Svedala,Vellinge"
Malung-Sälens kommun,Malung-Sälen,2023,Dalarnas län,Förortskommuner till storstäderna,Göteborg,"Torsby,Älvdalen,Mora,Vansbro,Hagfors,Filipstad"
Mariestads kommun,Mariestad,1493,Västra Götalands län,Förortskommuner till större städer,Trollhättan,"Götene,Töreboda,Skövde,Gullspång"
Markaryds kommun,Mark,1463,Västra Götalands län,Pendlingskommuner,Göteborg,"Mölndal,Borås,Svenljunga,Falkenberg,Varberg,Bollebygd,Härryda,Kungsbacka"
Marks kommun,Markaryd,0767,Kronobergs län,Kommuner i tätbefolkad region,Skövde,"Hässleholm,Laholm,Örkelljunga,Osby,Ljungby,Älmhult"
Melleruds kommun,Mellerud,1461,Västra Götalands län,Varuproducerande kommuner,Skövde,"Åmål,Bengtsfors,Färgelanda,Vänersborg"
Mjölby kommun,Mjölby,0586,Östergötlands län,Varuproducerande kommuner,Värnamo,"Motala,Linköping,Boxholm,Vadstena,Ödeshög"
Mölndals stad,Mölndal,1481,Västra Götalands län,Varuproducerande kommuner,Bengtsfors,"Göteborg,Mark,Härryda,Kungsbacka"
Mönsterås kommun,Mönsterås,0861,Kalmar län,Kommuner i tätbefolkad region,Trollhättan,"Oskarshamn,Nybro,Kalmar,Högsby"
Mora kommun,Mora,2062,Dalarnas län,Förortskommuner till storstäderna,Göteborg,"Orsa,Rättvik,Leksand,Härjedalen,Älvdalen,Malung-Sälen,Vansbro"
Mörbylånga kommun,Mörbylånga,0840,Kalmar län,Kommuner i tätbefolkad region,Göteborg,Borgholm
Motala kommun,Motala,0583,Östergötlands län,Kommuner i tätbefolkad region,Borås,"Finspång,Mjölby,Linköping,Vadstena,Hallsberg,Askersund"
Mullsjö kommun,Mullsjö,0642,Jönköpings län,Varuproducerande kommuner,Göteborg,"Ulricehamn,Falköping,Tidaholm,Habo,Jönköping"
Munkedals kommun,Munkedal,1430,Västra Götalands län,Varuproducerande kommuner,Lidköping,"Tanum,Sotenäs,Uddevalla,Lysekil,Dals-Ed,Färgelanda"
Munkfors kommun,Munkfors,1762,Värmlands län,Varuproducerande kommuner,Lidköping,"Sunne,Forshaga,Hagfors"
Nacka kommun,Nacka,0182,Stockholms län,Pendlingskommuner,Skövde,"Lidingö,Stockholm,Värmdö,Tyresö,Huddinge"
Nässjö kommun,Nässjö,0682,Jönköpings län,Varuproducerande kommuner,Skövde,"Eksjö,Vetlanda,Aneby,Sävsjö,Vaggeryd,Jönköping"
Nora kommun,Nora,1884,Örebro län,Storstäder,Göteborg,"Karlskoga,Hällefors,Lindesberg,Örebro"
Norbergs kommun,Norberg,1962,Västmanlands län,Förortskommuner till storstäderna,Göteborg,"Smedjebacken,Fagersta,Sala,Avesta,Hedemora"
Nordanstigs kommun,Nordanstig,2132,Gävleborgs län,Förortskommuner till storstäderna,Göteborg,"Ånge,Ljusdal,Hudiksvall,Sundsvall"
Nordmalings kommun,Nordmaling,2401,Västerbottens län,Turism- och besöksnäringskommuner,Trollhättan,"Bjurholm,Örnsköldsvik,Umeå,Vännäs"
Norrköpings kommun,Norrköping,0581,Östergötlands län,Större städer,Trollhättan,"Söderköping,Finspång,Linköping,Katrineholm,Nyköping"
Norrtälje kommun,Norrtälje,0188,Stockholms län,Turism- och besöksnäringskommuner,Strömstad,"Östhammar,Vallentuna,Knivsta,Sigtuna,Uppsala,Österåker"
Norsjö kommun,Norsjö,2417,Västerbottens län,Pendlingskommuner,Trollhättan,"Arvidsjaur,Vindeln,Malå,Lycksele,Skellefteå"
Nybro kommun,Nybro,0881,Kalmar län,Större städer,Trollhättan,"Emmaboda,Lessebo,Uppvidinge,Kalmar,Mönsterås,Högsby"
Nyköpings kommun,Nyköping,0480,Södermanlands län,Pendlingskommuner,Göteborg,"Trosa,Norrköping,Flen,Katrineholm,Gnesta,Oxelösund"
Nykvarns kommun,Nykvarn,0140,Stockholms län,Större städer,Borås,"Strängnäs,Södertälje,Gnesta"
Nynäshamns kommun,Nynäshamn,0192,Stockholms län,Kommuner i tätbefolkad region,Borås,"Botkyrka,Haninge"
Ockelbo kommun,Ockelbo,2101,Gävleborgs län,Kommuner i tätbefolkad region,Karlstad,"Gävle,Sandviken,Falun,Söderhamn,Bollnäs"
Öckerö kommun,Öckerö,1407,Västra Götalands län,Kommuner i tätbefolkad region,Skövde,Göteborg
Ödeshögs kommun,Ödeshög,0509,Östergötlands län,Kommuner i tätbefolkad region,Lidköping,"Mjölby,Boxholm,Tranås,Vadstena,Jönköping"
Olofströms kommun,Olofström,1060,Blekinge län,Kommuner i tätbefolkad region,Skövde,"Kristianstad,Bromölla,Östra Göinge,Osby,Sölvesborg,Karlshamn,Tingsryd,Älmhult"
Örebro kommun,Örebro,1880,Örebro län,Större städer,Skövde,"Vingåker,Finspång,Lekeberg,Karlskoga,Nora,Kumla,Lindesberg,Hallsberg,Arboga"
Örkelljunga kommun,Örkelljunga,1257,Skåne län,Pendlingskommuner,Skövde,"Hässleholm,Laholm,Perstorp,Klippan,Ängelholm,Markaryd"
Örnsköldsviks kommun,Örnsköldsvik,2284,Västernorrlands län,Varuproducerande kommuner,Skövde,"Nordmaling,Bjurholm,Kramfors,Åsele,Sollefteå"
Orsa kommun,Orsa,2034,Dalarnas län,Kommuner i tätbefolkad region,Skövde,"Rättvik,Härjedalen,Mora,Ljusdal"
Orust kommun,Orust,1421,Västra Götalands län,Förortskommuner till större städer,Karlstad,"Stenungsund,Uddevalla,Tjörn,Lysekil"
Osby kommun,Osby,1273,Skåne län,Kommuner i glesbefolkad region,Eda,"Hässleholm,Kristianstad,Olofström,Östra Göinge,Älmhult,Markaryd"
Oskarshamns kommun,Oskarshamn,0882,Kalmar län,Glesbygdkommuner,Torsby,"Mönsterås,Högsby,Hultsfred,Vimmerby,Västervik"
Österåkers kommun,Österåker,0117,Stockholms län,Pendlingskommuner,Karlskoga,"Vallentuna,Norrtälje,Täby,Vaxholm"
Östersunds kommun,Östersund,2380,Jämtlands län,Förortskommuner till större städer,Karlstad,"Berg,Krokom,Bräcke,Strömsund,Ragunda"
Östhammars kommun,Östhammar,0382,Uppsala län,Varuproducerande kommuner,Karlstad,"Tierp,Uppsala,Norrtälje"
Östra Göinge kommun,Östra Göinge,1256,Skåne län,Förortskommuner till större städer,Karlstad,"Hässleholm,Kristianstad,Olofström,Osby"
Ovanåkers kommun,Ovanåker,2121,Gävleborgs län,Varuproducerande kommuner,Karlstad,"Rättvik,Ljusdal,Falun,Bollnäs"
Överkalix kommun,Överkalix,2513,Norrbottens län,Glesbygdkommuner,Årjäng,"Luleå,Boden,Gällivare,Övertorneå,Kalix,Pajala"
Övertorneå kommun,Övertorneå,2518,Norrbottens län,Kommuner i glesbefolkad region,Karlstad,"Haparanda,Kalix,Överkalix,Pajala"
Oxelösunds kommun,Oxelösund,0481,Södermanlands län,Större städer,Karlstad,Nyköping
Pajala kommun,Pajala,2521,Norrbottens län,Kommuner i tätbefolkad region,Karlstad,"Kiruna,Gällivare,Övertorneå,Överkalix"
Partille kommun,Partille,1402,Västra Götalands län,Varuproducerande kommuner,Filipstad,"Göteborg,Härryda,Lerum"
Perstorps kommun,Perstorp,1275,Skåne län,Varuproducerande kommuner,Hagfors,"Hässleholm,Örkelljunga,Klippan"
Piteå kommun,Piteå,2581,Norrbottens län,Varuproducerande kommuner,Karlstad,"Arvidsjaur,Skellefteå,Luleå,Boden,Älvsbyn"
Ragunda kommun,Ragunda,2303,Jämtlands län,Kommuner i tätbefolkad region,Karlstad,"Östersund,Bräcke,Sundsvall,Strömsund,Sollefteå"
Rättviks kommun,Rättvik,2031,Dalarnas län,Förortskommuner till större städer,Örebro,"Orsa,Leksand,Mora,Ljusdal,Ovanåker,Falun"
Robertsfors kommun,Robertsfors,2409,Västerbottens län,Varuproducerande kommuner,Örebro,"Skellefteå,Umeå"
Ronneby kommun,Ronneby,1081,Blekinge län,Pendlingskommuner,Örebro,"Karlshamn,Emmaboda,Tingsryd,Karlskrona"
Säffle kommun,Säffle,1785,Värmlands län,Pendlingskommuner,Karlskoga,"Åmål,Bengtsfors,Arvika,Årjäng,Grums"
Sala kommun,Sala,1981,Västmanlands län,Kommuner i tätbefolkad region,Hällefors,"Heby,Enköping,Norberg,Fagersta,Surahammar,Västerås,Sandviken,Avesta"
Salems kommun,Salem,0128,Stockholms län,Varuproducerande kommuner,Ludvika,"Södertälje,Botkyrka,Ekerö"
Sandvikens kommun,Sandviken,2181,Gävleborgs län,Större städer,Örebro,"Heby,Sala,Ockelbo,Hofors,Gävle,Avesta,Falun"
Säters kommun,Säter,2082,Dalarnas län,Förortskommuner till större städer,Örebro,"Ludvika,Smedjebacken,Hofors,Falun,Borlänge,Hedemora"
Sävsjö kommun,Sävsjö,0684,Jönköpings län,Varuproducerande kommuner,Örebro,"Vetlanda,Växjö,Alvesta,Nässjö,Vaggeryd,Värnamo"
Sigtuna kommun,Sigtuna,0191,Stockholms län,Varuproducerande kommuner,Karlskoga,"Upplands Väsby,Upplands-Bro,Vallentuna,Knivsta,Håbo,Uppsala,Norrtälje"
Simrishamns kommun,Simrishamn,1291,Skåne län,Pendlingskommuner,Örebro,"Kristianstad,Ystad,Tomelilla"
Sjöbo kommun,Sjöbo,1265,Skåne län,Varuproducerande kommuner,Örebro,"Eslöv,Lund,Ystad,Tomelilla,Hörby,Skurup"
Skara kommun,Skara,1495,Västra Götalands län,Pendlingskommuner,Fagersta,"Götene,Vara,Lidköping,Skövde,Falköping"
Skellefteå kommun,Skellefteå,2482,Västerbottens län,Pendlingskommuner,Västerås,"Arvidsjaur,Vindeln,Norsjö,Piteå,Robertsfors,Umeå"
Skinnskattebergs kommun,Skinnskatteberg,1904,Västmanlands län,Pendlingskommuner,Västerås,"Lindesberg,Smedjebacken,Fagersta,Köping,Surahammar"
Skövde kommun,Skövde,1496,Västra Götalands län,Pendlingskommuner,Västerås,"Götene,Skara,Mariestad,Töreboda,Tibro,Hjo,Falköping,Tidaholm"
Skurups kommun,Skurup,1264,Skåne län,Pendlingskommuner,Fagersta,"Trelleborg,Lund,Svedala,Ystad,Sjöbo"
Smedjebackens kommun,Smedjebacken,2061,Dalarnas län,Större städer,Västerås,"Ludvika,Lindesberg,Ljusnarsberg,Norberg,Fagersta,Skinnskatteberg,Säter,Hedemora"
Söderhamns kommun,Söderhamn,2182,Gävleborgs län,Kommuner i tätbefolkad region,Västerås,"Ockelbo,Gävle,Hudiksvall,Bollnäs"
Söderköpings kommun,Söderköping,0582,Östergötlands län,Varuproducerande kommuner,Fagersta,"Valdemarsvik,Åtvidaberg,Norrköping,Linköping"
Södertälje kommun,Södertälje,0181,Stockholms län,Varuproducerande kommuner,Västerås,"Trosa,Nykvarn,Botkyrka,Salem,Gnesta"
Sollefteå kommun,Sollefteå,2283,Västernorrlands län,Varuproducerande kommuner,Västerås,"Härnösand,Timrå,Sundsvall,Kramfors,Örnsköldsvik,Dorotea,Åsele,Strömsund,Ragunda"
Sollentuna kommun,Sollentuna,0163,Stockholms län,Glesbygdkommuner,Vansbro,"Upplands Väsby,Järfälla,Sundbyberg,Stockholm,Täby,Danderyd,Solna"
Solna stad,Solna,0184,Stockholms län,Turism- och besöksnäringskommuner,Malung,"Sollentuna,Sundbyberg,Stockholm,Danderyd"
Sölvesborgs kommun,Sölvesborg,1083,Blekinge län,Pendlingskommuner,Falun/Borlänge,"Olofström,Bromölla,Karlshamn"
Sorsele kommun,Sorsele,2422,Västerbottens län,Kommuner i tätbefolkad region,Falun/Borlänge,"Arvidsjaur,Malå,Lycksele,Storuman,Arjeplog"
Sotenäs kommun,Sotenäs,1427,Västra Götalands län,Turism- och besöksnäringskommuner,Falun/Borlänge,"Munkedal,Tanum,Lysekil"
Staffanstorps kommun,Staffanstorp,1230,Skåne län,Pendlingskommuner,Mora,"Lomma,Burlöv,Lund,Malmö,Svedala"
Stenungsunds kommun,Stenungsund,1415,Västra Götalands län,Turism- och besöksnäringskommuner,Mora,"Kungälv,Uddevalla,Orust,Lilla Edet"
Stockholms stad,Stockholm,0180,Stockholms län,Pendlingskommuner,Ludvika,"Sollentuna,Järfälla,Sundbyberg,Ekerö,Lidingö,Nacka,Tyresö,Huddinge,Danderyd,Solna"
Storfors kommun,Storfors,1760,Värmlands län,Kommuner i glesbefolkad region,Mora,"Karlstad,Kristinehamn,Degerfors,Karlskoga,Hällefors,Filipstad"
Storumans kommun,Storuman,2421,Västerbottens län,Större städer,Falun/Borlänge,"Lycksele,Sorsele,Vilhelmina"
Strängnäs kommun,Strängnäs,0486,Södermanlands län,Kommuner i tätbefolkad region,Falun/Borlänge,"Nykvarn,Eskilstuna,Flen,Gnesta"
Strömstads kommun,Strömstad,1486,Västra Götalands län,Pendlingskommuner,Falun/Borlänge,Tanum
Strömsunds kommun,Strömsund,2313,Jämtlands län,Kommuner i tätbefolkad region,Avesta,"Krokom,Östersund,Vilhelmina,Dorotea,Sollefteå,Ragunda"
Sundbybergs stad,Sundbyberg,0183,Stockholms län,Varuproducerande kommuner,Avesta,"Sollentuna,Stockholm,Solna"
Sundsvalls kommun,Sundsvall,2281,Västernorrlands län,Varuproducerande kommuner,Ludvika,"Ånge,Nordanstig,Bräcke,Härnösand,Timrå,Sollefteå,Ragunda"
Sunne kommun,Sunne,1766,Värmlands län,Pendlingskommuner,Gävle,"Arvika,Forshaga,Munkfors,Torsby,Kil,Hagfors"
Surahammars kommun,Surahammar,1907,Västmanlands län,Varuproducerande kommuner,Gävle,"Fagersta,Skinnskatteberg,Köping,Sala,Västerås,Hallstahammar"
Svalövs kommun,Svalöv,1214,Skåne län,Varuproducerande kommuner,Söderhamn,"Eslöv,Kävlinge,Helsingborg,Bjuv,Landskrona,Klippan,Åstorp"
Svedala kommun,Svedala,1263,Skåne län,Glesbygdkommuner,Hudiksvall,"Trelleborg,Burlöv,Staffanstorp,Lund,Malmö,Vellinge,Skurup"
Svenljunga kommun,Svenljunga,1465,Västra Götalands län,Glesbygdkommuner,Ljusdal,"Borås,Falkenberg,Mark,Varberg,Tranemo,Gislaved"
Täby kommun,Täby,0160,Stockholms län,Större städer,Gävle,"Upplands Väsby,Sollentuna,Vallentuna,Österåker,Danderyd"
Tanums kommun,Tanum,1435,Västra Götalands län,Varuproducerande kommuner,Gävle,"Munkedal,Sotenäs,Strömstad,Dals-Ed"
Tibro kommun,Tibro,1472,Västra Götalands län,Kommuner i glesbefolkad region,Söderhamn,"Töreboda,Karlsborg,Skövde,Hjo"
Tidaholms kommun,Tidaholm,1498,Västra Götalands län,Kommuner i glesbefolkad region,Söderhamn,"Skövde,Hjo,Falköping,Mullsjö,Habo"
Tierps kommun,Tierp,0360,Uppsala län,Kommuner i glesbefolkad region,Hudiksvall,"Heby,Östhammar,Älvkarleby,Uppsala,Gävle"
Timrå kommun,Timrå,2262,Västernorrlands län,Glesbygdkommuner,Sundsvall,"Härnösand,Sundsvall,Sollefteå"
Tingsryds kommun,Tingsryd,0763,Kronobergs län,Förortskommuner till större städer,Sundsvall,"Olofström,Karlshamn,Ronneby,Emmaboda,Lessebo,Växjö,Alvesta,Älmhult"
Tjörns kommun,Tjörn,1419,Västra Götalands län,Kommuner i glesbefolkad region,Sundsvall,Orust
Tomelilla kommun,Tomelilla,1270,Skåne län,Större städer,Sundsvall,"Simrishamn,Kristianstad,Ystad,Hörby,Sjöbo"
Töreboda kommun,Töreboda,1473,Västra Götalands län,Kommuner i glesbefolkad region,Kramfors,"Mariestad,Karlsborg,Tibro,Skövde,Gullspång,Laxå"
Torsås kommun,Torsås,0834,Kalmar län,Glesbygdkommuner,Sollefteå,"Emmaboda,Karlskrona,Kalmar"
Torsby kommun,Torsby,1737,Värmlands län,Större städer,Örnsköldsvik,"Arvika,Sunne,Malung-Sälen,Hagfors"
Tranås kommun,Tranås,0687,Jönköpings län,Glesbygdkommuner,Östersund,"Boxholm,Ydre,Ödeshög,Aneby,Jönköping"
Tranemo kommun,Tranemo,1452,Västra Götalands län,Glesbygdkommuner,Östersund,"Borås,Svenljunga,Ulricehamn,Gislaved,Jönköping"
Trelleborgs kommun,Trelleborg,1287,Skåne län,Pendlingskommuner,Östersund,"Lund,Svedala,Vellinge,Skurup"
Trollhättans stad,Trollhättan,1488,Västra Götalands län,Glesbygdkommuner,Östersund,"Uddevalla,Vänersborg,Alingsås,Ale,Lilla Edet,Essunga,Grästorp"
Trosa kommun,Trosa,0488,Södermanlands län,Turism- och besöksnäringskommuner,Östersund,"Södertälje,Gnesta,Nyköping"
Tyresö kommun,Tyresö,0138,Stockholms län,Turism- och besöksnäringskommuner,Östersund,"Nacka,Stockholm,Huddinge,Haninge"
Uddevalla kommun,Uddevalla,1485,Västra Götalands län,Turism- och besöksnäringskommuner,Härjedalen,"Munkedal,Stenungsund,Lysekil,Orust,Färgelanda,Vänersborg,Trollhättan,Lilla Edet"
Ulricehamns kommun,Ulricehamn,1491,Västra Götalands län,Större städer,Östersund,"Borås,Herrljunga,Tranemo,Falköping,Mullsjö,Jönköping"
Umeå kommun,Umeå,2480,Västerbottens län,Glesbygdkommuner,Umeå,"Vindeln,Nordmaling,Skellefteå,Robertsfors,Vännäs"
Upplands Väsby kommun,Upplands Väsby,0114,Stockholms län,Pendlingskommuner,Umeå,"Upplands-Bro,Sollentuna,Järfälla,Vallentuna,Sigtuna,Täby"
Upplands-Bro kommun,Upplands-Bro,0139,Stockholms län,Glesbygdkommuner,Umeå,"Upplands Väsby,Järfälla,Ekerö,Sigtuna,Håbo"
Uppsala kommun,Uppsala,0380,Uppsala län,Glesbygdkommuner,Umeå,"Heby,Östhammar,Knivsta,Sigtuna,Håbo,Tierp,Enköping,Norrtälje"
Uppvidinge kommun,Uppvidinge,0760,Kronobergs län,Varuproducerande kommuner,Skellefteå,"Lessebo,Vetlanda,Växjö,Nybro,Högsby,Hultsfred"
Vadstena kommun,Vadstena,0584,Östergötlands län,Varuproducerande kommuner,Lycksele,"Motala,Mjölby,Ödeshög"
Vaggeryds kommun,Vaggeryd,0665,Jönköpings län,Turism- och besöksnäringskommuner,Storuman,"Nässjö,Sävsjö,Värnamo,Gnosjö,Gislaved,Jönköping"
Valdemarsviks kommun,Valdemarsvik,0563,Östergötlands län,Glesbygdkommuner,Sorsele,"Västervik,Söderköping,Åtvidaberg"
Vallentuna kommun,Vallentuna,0115,Stockholms län,Turism- och besöksnäringskommuner,Dorotea,"Upplands Väsby,Sigtuna,Österåker,Norrtälje,Täby"
Vänersborgs kommun,Vänersborg,1487,Västra Götalands län,Pendlingskommuner,Umeå,"Uddevalla,Mellerud,Färgelanda,Trollhättan,Lilla Edet,Grästorp,Lidköping"
Vännäs kommun,Vännäs,2460,Västerbottens län,Glesbygdkommuner,Vilhelmina,"Vindeln,Nordmaling,Bjurholm,Umeå"
Vansbro kommun,Vansbro,2021,Dalarnas län,Glesbygdkommuner,Åsele,"Ludvika,Leksand,Mora,Malung-Sälen,Filipstad,Gagnef"
Vara kommun,Vara,1470,Västra Götalands län,Större städer,Umeå,"Skara,Herrljunga,Essunga,Grästorp,Lidköping,Falköping"
Varbergs kommun,Varberg,1383,Hallands län,Kommuner i glesbefolkad region,Lycksele,"Svenljunga,Falkenberg,Mark,Kungsbacka"
Vårgårda kommun,Vårgårda,1442,Västra Götalands län,Större städer,Skellefteå,"Borås,Bollebygd,Alingsås,Herrljunga,Essunga"
Värmdö kommun,Värmdö,0120,Stockholms län,Kommuner i glesbefolkad region,Arvidsjaur,Nacka
Värnamo kommun,Värnamo,0683,Jönköpings län,Turism- och besöksnäringskommuner,Arjeplog,"Alvesta,Ljungby,Sävsjö,Vaggeryd,Gnosjö,Gislaved"
Västerås stad,Västerås,1980,Västmanlands län,Turism- och besöksnäringskommuner,Jokkmokk,"Enköping,Köping,Sala,Surahammar,Hallstahammar"
Västerviks kommun,Västervik,0883,Kalmar län,Glesbygdkommuner,Överkalix,"Oskarshamn,Vimmerby,Valdemarsvik,Åtvidaberg,Kinda"
Vaxholms stad,Vaxholm,0187,Stockholms län,Kommuner i glesbefolkad region,Luleå,"Lidingö,Österåker"
Växjö kommun,Växjö,0780,Kronobergs län,Glesbygdkommuner,Övertorneå,"Lessebo,Uppvidinge,Vetlanda,Tingsryd,Alvesta,Sävsjö"
Vellinge kommun,Vellinge,1233,Skåne län,Glesbygdkommuner,Pajala,"Trelleborg,Malmö,Svedala"
Vetlanda kommun,Vetlanda,0685,Jönköpings län,Varuproducerande kommuner,Gällivare,"Uppvidinge,Eksjö,Växjö,Högsby,Hultsfred,Nässjö,Sävsjö"
Vilhelmina kommun,Vilhelmina,2462,Västerbottens län,Kommuner i glesbefolkad region,Luleå,"Lycksele,Storuman,Dorotea,Åsele,Strömsund"
Vimmerby kommun,Vimmerby,0884,Kalmar län,Större städer,Luleå,"Eksjö,Oskarshamn,Hultsfred,Västervik,Kinda,Ydre"
Vindelns kommun,Vindeln,2404,Västerbottens län,Kommuner i glesbefolkad region,Luleå,"Norsjö,Bjurholm,Lycksele,Skellefteå,Umeå,Vännäs"
Vingåkers kommun,Vingåker,0428,Södermanlands län,Kommuner i glesbefolkad region,Luleå,"Finspång,Katrineholm,Örebro"
Ydre kommun,Ydre,0512,Östergötlands län,Kommuner i glesbefolkad region,Haparanda,"Eksjö,Vimmerby,Boxholm,Kinda,Tranås,Aneby"
Ystads kommun,Ystad,1286,Skåne län,Kommuner i glesbefolkad region,Kiruna,"Simrishamn,Tomelilla,Sjöbo,Skurup"