a_name_long,b_name_long,b_name_short,a_skl_code,a_name_short,b_skl_code
Heby kommun,Avesta kommun,Avesta,0331,Heby,2084
Heby kommun,Avesta kommun,Avesta,0331,Heby,2084
Heby kommun,Avesta kommun,Avesta,0331,Heby,2084
Heby kommun,Avesta kommun,Avesta,0331,Heby,2084
Heby kommun,Avesta kommun,Avesta,0331,Heby,2084
Heby kommun,Avesta kommun,Avesta,0331,Heby,2084
Heby kommun,Avesta kommun,Avesta,0331,Heby,2084
Nybro kommun,Högsby kommun,Högsby,0881,Nybro,0821
Nybro kommun,Högsby kommun,Högsby,0881,Nybro,0821
Nybro kommun,Högsby kommun,Högsby,0881,Nybro,0821
Nybro kommun,Högsby kommun,Högsby,0881,Nybro,0821
Nybro kommun,Högsby kommun,Högsby,0881,Nybro,0821
Nybro kommun,Högsby kommun,Högsby,0881,Nybro,0821
Laxå kommun,Askersunds kommun,Askersund,1860,Laxå,1882
Laxå kommun,Askersunds kommun,Askersund,1860,Laxå,1882
Laxå kommun,Askersunds kommun,Askersund,1860,Laxå,1882
Laxå kommun,Askersunds kommun,Askersund,1860,Laxå,1882
Laxå kommun,Askersunds kommun,Askersund,1860,Laxå,1882
Laxå kommun,Askersunds kommun,Askersund,1860,Laxå,1882
Laxå kommun,Askersunds kommun,Askersund,1860,Laxå,1882
Laxå kommun,Askersunds kommun,Askersund,1860,Laxå,1882
Filipstads kommun,Hagfors kommun,Hagfors,1782,Filipstad,1783
Filipstads kommun,Hagfors kommun,Hagfors,1782,Filipstad,1783
Filipstads kommun,Hagfors kommun,Hagfors,1782,Filipstad,1783
Filipstads kommun,Hagfors kommun,Hagfors,1782,Filipstad,1783
Filipstads kommun,Hagfors kommun,Hagfors,1782,Filipstad,1783
Filipstads kommun,Hagfors kommun,Hagfors,1782,Filipstad,1783
Filipstads kommun,Hagfors kommun,Hagfors,1782,Filipstad,1783
Hallsbergs kommun,Askersunds kommun,Askersund,1861,Hallsberg,1882
Hallsbergs kommun,Askersunds kommun,Askersund,1861,Hallsberg,1882
Hallsbergs kommun,Askersunds kommun,Askersund,1861,Hallsberg,1882
Hallsbergs kommun,Askersunds kommun,Askersund,1861,Hallsberg,1882
Hallsbergs kommun,Askersunds kommun,Askersund,1861,Hallsberg,1882
Hallsbergs kommun,Askersunds kommun,Askersund,1861,Hallsberg,1882
Hallsbergs kommun,Askersunds kommun,Askersund,1861,Hallsberg,1882
Gagnefs kommun,Borlänge kommun,Borlänge,2026,Gagnef,2081
Gagnefs kommun,Borlänge kommun,Borlänge,2026,Gagnef,2081
Gagnefs kommun,Borlänge kommun,Borlänge,2026,Gagnef,2081
Gagnefs kommun,Borlänge kommun,Borlänge,2026,Gagnef,2081
Gagnefs kommun,Borlänge kommun,Borlänge,2026,Gagnef,2081
Skurups kommun,Sjöbo kommun,Sjöbo,1264,Skurup,1265
Skurups kommun,Sjöbo kommun,Sjöbo,1264,Skurup,1265
Skurups kommun,Sjöbo kommun,Sjöbo,1264,Skurup,1265
Skurups kommun,Sjöbo kommun,Sjöbo,1264,Skurup,1265
Skurups kommun,Sjöbo kommun,Sjöbo,1264,Skurup,1265
Karlskoga kommun,Örebro kommun,Örebro,1883,Karlskoga,1880
Karlskoga kommun,Örebro kommun,Örebro,1883,Karlskoga,1880
Karlskoga kommun,Örebro kommun,Örebro,1883,Karlskoga,1880
Karlskoga kommun,Örebro kommun,Örebro,1883,Karlskoga,1880
Karlskoga kommun,Örebro kommun,Örebro,1883,Karlskoga,1880
Karlskoga kommun,Örebro kommun,Örebro,1883,Karlskoga,1880
Karlskoga kommun,Örebro kommun,Örebro,1883,Karlskoga,1880
Kungsörs kommun,Arboga kommun,Arboga,1960,Kungsör,1984
Kungsörs kommun,Arboga kommun,Arboga,1960,Kungsör,1984
Kungsörs kommun,Arboga kommun,Arboga,1960,Kungsör,1984
Mullsjö kommun,Jönköpings kommun,Jönköping,0642,Mullsjö,0680
Mullsjö kommun,Jönköpings kommun,Jönköping,0642,Mullsjö,0680
Mullsjö kommun,Jönköpings kommun,Jönköping,0642,Mullsjö,0680
Mullsjö kommun,Jönköpings kommun,Jönköping,0642,Mullsjö,0680
Mullsjö kommun,Jönköpings kommun,Jönköping,0642,Mullsjö,0680
Trosa kommun,Nyköpings kommun,Nyköping,0488,Trosa,0480
Trosa kommun,Nyköpings kommun,Nyköping,0488,Trosa,0480
Trosa kommun,Nyköpings kommun,Nyköping,0488,Trosa,0480
Falkenbergs kommun,Gislaveds kommun,Gislaved,1382,Falkenberg,0662
Falkenbergs kommun,Gislaveds kommun,Gislaved,1382,Falkenberg,0662
Falkenbergs kommun,Gislaveds kommun,Gislaved,1382,Falkenberg,0662
Falkenbergs kommun,Gislaveds kommun,Gislaved,1382,Falkenberg,0662
Falkenbergs kommun,Gislaveds kommun,Gislaved,1382,Falkenberg,0662
Falkenbergs kommun,Gislaveds kommun,Gislaved,1382,Falkenberg,0662
Vaggeryds kommun,Jönköpings kommun,Jönköping,0665,Vaggeryd,0680
Vaggeryds kommun,Jönköpings kommun,Jönköping,0665,Vaggeryd,0680
Vaggeryds kommun,Jönköpings kommun,Jönköping,0665,Vaggeryd,0680
Vaggeryds kommun,Jönköpings kommun,Jönköping,0665,Vaggeryd,0680
Vaggeryds kommun,Jönköpings kommun,Jönköping,0665,Vaggeryd,0680
Vaggeryds kommun,Jönköpings kommun,Jönköping,0665,Vaggeryd,0680
Norrtälje kommun,Österåkers kommun,Österåker,0188,Norrtälje,0117
Norrtälje kommun,Österåkers kommun,Österåker,0188,Norrtälje,0117
Norrtälje kommun,Österåkers kommun,Österåker,0188,Norrtälje,0117
Norrtälje kommun,Österåkers kommun,Österåker,0188,Norrtälje,0117
Norrtälje kommun,Österåkers kommun,Österåker,0188,Norrtälje,0117
Norrtälje kommun,Österåkers kommun,Österåker,0188,Norrtälje,0117
Sala kommun,Avesta kommun,Avesta,1981,Sala,2084
Sala kommun,Avesta kommun,Avesta,1981,Sala,2084
Sala kommun,Avesta kommun,Avesta,1981,Sala,2084
Sala kommun,Avesta kommun,Avesta,1981,Sala,2084
Sala kommun,Avesta kommun,Avesta,1981,Sala,2084
Sala kommun,Avesta kommun,Avesta,1981,Sala,2084
Sala kommun,Avesta kommun,Avesta,1981,Sala,2084
Sala kommun,Avesta kommun,Avesta,1981,Sala,2084
Älvsbyns kommun,Jokkmokks kommun,Jokkmokk,2560,Älvsbyn,2510
Älvsbyns kommun,Jokkmokks kommun,Jokkmokk,2560,Älvsbyn,2510
Älvsbyns kommun,Jokkmokks kommun,Jokkmokk,2560,Älvsbyn,2510
Älvsbyns kommun,Jokkmokks kommun,Jokkmokk,2560,Älvsbyn,2510
Älvsbyns kommun,Jokkmokks kommun,Jokkmokk,2560,Älvsbyn,2510
Årjängs kommun,Eda kommun,Eda,1765,Årjäng,1730
Årjängs kommun,Eda kommun,Eda,1765,Årjäng,1730
Årjängs kommun,Eda kommun,Eda,1765,Årjäng,1730
Årjängs kommun,Eda kommun,Eda,1765,Årjäng,1730
Årjängs kommun,Eda kommun,Eda,1765,Årjäng,1730
Årjängs kommun,Eda kommun,Eda,1765,Årjäng,1730
Umeå kommun,Vännäs kommun,Vännäs,2480,Umeå,2460
Umeå kommun,Vännäs kommun,Vännäs,2480,Umeå,2460
Umeå kommun,Vännäs kommun,Vännäs,2480,Umeå,2460
Umeå kommun,Vännäs kommun,Vännäs,2480,Umeå,2460
Umeå kommun,Vännäs kommun,Vännäs,2480,Umeå,2460
Västerås stad,Hallstahammars kommun,Hallstahammar,1980,Västerås,1961
Västerås stad,Hallstahammars kommun,Hallstahammar,1980,Västerås,1961
Västerås stad,Hallstahammars kommun,Hallstahammar,1980,Västerås,1961
Västerås stad,Hallstahammars kommun,Hallstahammar,1980,Västerås,1961
Västerås stad,Hallstahammars kommun,Hallstahammar,1980,Västerås,1961
Mörbylånga kommun,Borgholms kommun,Borgholm,0840,Mörbylånga,0885
Arboga kommun,Köpings kommun,Köping,1984,Arboga,1983
Arboga kommun,Köpings kommun,Köping,1984,Arboga,1983
Arboga kommun,Köpings kommun,Köping,1984,Arboga,1983
Arboga kommun,Köpings kommun,Köping,1984,Arboga,1983
Arboga kommun,Köpings kommun,Köping,1984,Arboga,1983
Köpings kommun,Hallstahammars kommun,Hallstahammar,1983,Köping,1961
Köpings kommun,Hallstahammars kommun,Hallstahammar,1983,Köping,1961
Köpings kommun,Hallstahammars kommun,Hallstahammar,1983,Köping,1961
Köpings kommun,Hallstahammars kommun,Hallstahammar,1983,Köping,1961
Köpings kommun,Hallstahammars kommun,Hallstahammar,1983,Köping,1961
Köpings kommun,Hallstahammars kommun,Hallstahammar,1983,Köping,1961
Köpings kommun,Hallstahammars kommun,Hallstahammar,1983,Köping,1961
Örkelljunga kommun,Marks kommun,Markaryd,1257,Örkelljunga,0767
Örkelljunga kommun,Marks kommun,Markaryd,1257,Örkelljunga,0767
Örkelljunga kommun,Marks kommun,Markaryd,1257,Örkelljunga,0767
Örkelljunga kommun,Marks kommun,Markaryd,1257,Örkelljunga,0767
Örkelljunga kommun,Marks kommun,Markaryd,1257,Örkelljunga,0767
Örkelljunga kommun,Marks kommun,Markaryd,1257,Örkelljunga,0767
Vadstena kommun,Ödeshögs kommun,Ödeshög,0584,Vadstena,0509
Vadstena kommun,Ödeshögs kommun,Ödeshög,0584,Vadstena,0509
Vadstena kommun,Ödeshögs kommun,Ödeshög,0584,Vadstena,0509
Sundsvalls kommun,Ragunda kommun,Ragunda,2281,Sundsvall,2303
Sundsvalls kommun,Ragunda kommun,Ragunda,2281,Sundsvall,2303
Sundsvalls kommun,Ragunda kommun,Ragunda,2281,Sundsvall,2303
Sundsvalls kommun,Ragunda kommun,Ragunda,2281,Sundsvall,2303
Sundsvalls kommun,Ragunda kommun,Ragunda,2281,Sundsvall,2303
Sundsvalls kommun,Ragunda kommun,Ragunda,2281,Sundsvall,2303
Sundsvalls kommun,Ragunda kommun,Ragunda,2281,Sundsvall,2303
Vaxholms stad,Österåkers kommun,Österåker,0187,Vaxholm,0117
Vaxholms stad,Österåkers kommun,Österåker,0187,Vaxholm,0117
Varbergs kommun,Kungsbacka kommun,Kungsbacka,1383,Varberg,1384
Varbergs kommun,Kungsbacka kommun,Kungsbacka,1383,Varberg,1384
Varbergs kommun,Kungsbacka kommun,Kungsbacka,1383,Varberg,1384
Varbergs kommun,Kungsbacka kommun,Kungsbacka,1383,Varberg,1384
Ljusdals kommun,Bollnäs kommun,Bollnäs,2161,Ljusdal,2183
Ljusdals kommun,Bollnäs kommun,Bollnäs,2161,Ljusdal,2183
Ljusdals kommun,Bollnäs kommun,Bollnäs,2161,Ljusdal,2183
Ljusdals kommun,Bollnäs kommun,Bollnäs,2161,Ljusdal,2183
Ljusdals kommun,Bollnäs kommun,Bollnäs,2161,Ljusdal,2183
Ljusdals kommun,Bollnäs kommun,Bollnäs,2161,Ljusdal,2183
Ljusdals kommun,Bollnäs kommun,Bollnäs,2161,Ljusdal,2183
Ljusdals kommun,Bollnäs kommun,Bollnäs,2161,Ljusdal,2183
Timrå kommun,Sollefteå kommun,Sollefteå,2262,Timrå,2283
Timrå kommun,Sollefteå kommun,Sollefteå,2262,Timrå,2283
Timrå kommun,Sollefteå kommun,Sollefteå,2262,Timrå,2283
Ljusnarsbergs kommun,Smedjebackens kommun,Smedjebacken,1864,Ljusnarsberg,2061
Ljusnarsbergs kommun,Smedjebackens kommun,Smedjebacken,1864,Ljusnarsberg,2061
Ljusnarsbergs kommun,Smedjebackens kommun,Smedjebacken,1864,Ljusnarsberg,2061
Ljusnarsbergs kommun,Smedjebackens kommun,Smedjebacken,1864,Ljusnarsberg,2061
Östersunds kommun,Ragunda kommun,Ragunda,2380,Östersund,2303
Östersunds kommun,Ragunda kommun,Ragunda,2380,Östersund,2303
Östersunds kommun,Ragunda kommun,Ragunda,2380,Östersund,2303
Östersunds kommun,Ragunda kommun,Ragunda,2380,Östersund,2303
Östersunds kommun,Ragunda kommun,Ragunda,2380,Östersund,2303
Habo kommun,Jönköpings kommun,Jönköping,0643,Habo,0680
Habo kommun,Jönköpings kommun,Jönköping,0643,Habo,0680
Habo kommun,Jönköpings kommun,Jönköping,0643,Habo,0680
Habo kommun,Jönköpings kommun,Jönköping,0643,Habo,0680
Luleå kommun,Överkalix kommun,Överkalix,2580,Luleå,2513
Luleå kommun,Överkalix kommun,Överkalix,2580,Luleå,2513
Luleå kommun,Överkalix kommun,Överkalix,2580,Luleå,2513
Luleå kommun,Överkalix kommun,Överkalix,2580,Luleå,2513
Luleå kommun,Överkalix kommun,Överkalix,2580,Luleå,2513
Eskilstuna kommun,Arboga kommun,Arboga,0484,Eskilstuna,1984
Eskilstuna kommun,Arboga kommun,Arboga,0484,Eskilstuna,1984
Eskilstuna kommun,Arboga kommun,Arboga,0484,Eskilstuna,1984
Eskilstuna kommun,Arboga kommun,Arboga,0484,Eskilstuna,1984
Eskilstuna kommun,Arboga kommun,Arboga,0484,Eskilstuna,1984
Bjurholms kommun,Vännäs kommun,Vännäs,2403,Bjurholm,2460
Bjurholms kommun,Vännäs kommun,Vännäs,2403,Bjurholm,2460
Bjurholms kommun,Vännäs kommun,Vännäs,2403,Bjurholm,2460
Bjurholms kommun,Vännäs kommun,Vännäs,2403,Bjurholm,2460
Bjurholms kommun,Vännäs kommun,Vännäs,2403,Bjurholm,2460
Bjurholms kommun,Vännäs kommun,Vännäs,2403,Bjurholm,2460
Grästorps kommun,Lidköpings kommun,Lidköping,1444,Grästorp,1494
Grästorps kommun,Lidköpings kommun,Lidköping,1444,Grästorp,1494
Grästorps kommun,Lidköpings kommun,Lidköping,1444,Grästorp,1494
Grästorps kommun,Lidköpings kommun,Lidköping,1444,Grästorp,1494
Grästorps kommun,Lidköpings kommun,Lidköping,1444,Grästorp,1494
Motala kommun,Askersunds kommun,Askersund,0583,Motala,1882
Motala kommun,Askersunds kommun,Askersund,0583,Motala,1882
Motala kommun,Askersunds kommun,Askersund,0583,Motala,1882
Motala kommun,Askersunds kommun,Askersund,0583,Motala,1882
Motala kommun,Askersunds kommun,Askersund,0583,Motala,1882
Motala kommun,Askersunds kommun,Askersund,0583,Motala,1882
Lekebergs kommun,Hallsbergs kommun,Hallsberg,1814,Lekeberg,1861
Lekebergs kommun,Hallsbergs kommun,Hallsberg,1814,Lekeberg,1861
Lekebergs kommun,Hallsbergs kommun,Hallsberg,1814,Lekeberg,1861
Lekebergs kommun,Hallsbergs kommun,Hallsberg,1814,Lekeberg,1861
Lekebergs kommun,Hallsbergs kommun,Hallsberg,1814,Lekeberg,1861
Lekebergs kommun,Hallsbergs kommun,Hallsberg,1814,Lekeberg,1861
Åtvidabergs kommun,Kinda kommun,Kinda,0561,Åtvidaberg,0513
Åtvidabergs kommun,Kinda kommun,Kinda,0561,Åtvidaberg,0513
Åtvidabergs kommun,Kinda kommun,Kinda,0561,Åtvidaberg,0513
Åtvidabergs kommun,Kinda kommun,Kinda,0561,Åtvidaberg,0513
Åtvidabergs kommun,Kinda kommun,Kinda,0561,Åtvidaberg,0513
Sunne kommun,Hagfors kommun,Hagfors,1766,Sunne,1783
Sunne kommun,Hagfors kommun,Hagfors,1766,Sunne,1783
Sunne kommun,Hagfors kommun,Hagfors,1766,Sunne,1783
Sunne kommun,Hagfors kommun,Hagfors,1766,Sunne,1783
Sunne kommun,Hagfors kommun,Hagfors,1766,Sunne,1783
Sunne kommun,Hagfors kommun,Hagfors,1766,Sunne,1783
Svenljunga kommun,Gislaveds kommun,Gislaved,1465,Svenljunga,0662
Svenljunga kommun,Gislaveds kommun,Gislaved,1465,Svenljunga,0662
Svenljunga kommun,Gislaveds kommun,Gislaved,1465,Svenljunga,0662
Svenljunga kommun,Gislaveds kommun,Gislaved,1465,Svenljunga,0662
Svenljunga kommun,Gislaveds kommun,Gislaved,1465,Svenljunga,0662
Svenljunga kommun,Gislaveds kommun,Gislaved,1465,Svenljunga,0662
Mariestads kommun,Gullspångs kommun,Gullspång,1493,Mariestad,1447
Mariestads kommun,Gullspångs kommun,Gullspång,1493,Mariestad,1447
Mariestads kommun,Gullspångs kommun,Gullspång,1493,Mariestad,1447
Mariestads kommun,Gullspångs kommun,Gullspång,1493,Mariestad,1447
Vilhelmina kommun,Strömsunds kommun,Strömsund,2462,Vilhelmina,2313
Vilhelmina kommun,Strömsunds kommun,Strömsund,2462,Vilhelmina,2313
Vilhelmina kommun,Strömsunds kommun,Strömsund,2462,Vilhelmina,2313
Vilhelmina kommun,Strömsunds kommun,Strömsund,2462,Vilhelmina,2313
Vilhelmina kommun,Strömsunds kommun,Strömsund,2462,Vilhelmina,2313
Ragunda kommun,Sollefteå kommun,Sollefteå,2303,Ragunda,2283
Ragunda kommun,Sollefteå kommun,Sollefteå,2303,Ragunda,2283
Ragunda kommun,Sollefteå kommun,Sollefteå,2303,Ragunda,2283
Ragunda kommun,Sollefteå kommun,Sollefteå,2303,Ragunda,2283
Ragunda kommun,Sollefteå kommun,Sollefteå,2303,Ragunda,2283
Vänersborgs kommun,Lidköpings kommun,Lidköping,1487,Vänersborg,1494
Vänersborgs kommun,Lidköpings kommun,Lidköping,1487,Vänersborg,1494
Vänersborgs kommun,Lidköpings kommun,Lidköping,1487,Vänersborg,1494
Vänersborgs kommun,Lidköpings kommun,Lidköping,1487,Vänersborg,1494
Vänersborgs kommun,Lidköpings kommun,Lidköping,1487,Vänersborg,1494
Vänersborgs kommun,Lidköpings kommun,Lidköping,1487,Vänersborg,1494
Vänersborgs kommun,Lidköpings kommun,Lidköping,1487,Vänersborg,1494
Linköpings kommun,Kinda kommun,Kinda,0580,Linköping,0513
Linköpings kommun,Kinda kommun,Kinda,0580,Linköping,0513
Linköpings kommun,Kinda kommun,Kinda,0580,Linköping,0513
Linköpings kommun,Kinda kommun,Kinda,0580,Linköping,0513
Linköpings kommun,Kinda kommun,Kinda,0580,Linköping,0513
Linköpings kommun,Kinda kommun,Kinda,0580,Linköping,0513
Linköpings kommun,Kinda kommun,Kinda,0580,Linköping,0513
Linköpings kommun,Kinda kommun,Kinda,0580,Linköping,0513
Sollentuna kommun,Solna stad,Solna,0163,Sollentuna,0184
Sollentuna kommun,Solna stad,Solna,0163,Sollentuna,0184
Sollentuna kommun,Solna stad,Solna,0163,Sollentuna,0184
Sollentuna kommun,Solna stad,Solna,0163,Sollentuna,0184
Sollentuna kommun,Solna stad,Solna,0163,Sollentuna,0184
Sollentuna kommun,Solna stad,Solna,0163,Sollentuna,0184
Sollentuna kommun,Solna stad,Solna,0163,Sollentuna,0184
Danderyds kommun,Solna stad,Solna,0162,Danderyd,0184
Danderyds kommun,Solna stad,Solna,0162,Danderyd,0184
Danderyds kommun,Solna stad,Solna,0162,Danderyd,0184
Danderyds kommun,Solna stad,Solna,0162,Danderyd,0184
Danderyds kommun,Solna stad,Solna,0162,Danderyd,0184
Gullspångs kommun,Degerfors kommun,Degerfors,1447,Gullspång,1862
Gullspångs kommun,Degerfors kommun,Degerfors,1447,Gullspång,1862
Gullspångs kommun,Degerfors kommun,Degerfors,1447,Gullspång,1862
Gullspångs kommun,Degerfors kommun,Degerfors,1447,Gullspång,1862
Gullspångs kommun,Degerfors kommun,Degerfors,1447,Gullspång,1862
Kils kommun,Grums kommun,Grums,1715,Kil,1764
Kils kommun,Grums kommun,Grums,1715,Kil,1764
Kils kommun,Grums kommun,Grums,1715,Kil,1764
Kils kommun,Grums kommun,Grums,1715,Kil,1764
Kils kommun,Grums kommun,Grums,1715,Kil,1764
Arvika kommun,Grums kommun,Grums,1784,Arvika,1764
Arvika kommun,Grums kommun,Grums,1784,Arvika,1764
Arvika kommun,Grums kommun,Grums,1784,Arvika,1764
Arvika kommun,Grums kommun,Grums,1784,Arvika,1764
Arvika kommun,Grums kommun,Grums,1784,Arvika,1764
Arvika kommun,Grums kommun,Grums,1784,Arvika,1764
Arvika kommun,Grums kommun,Grums,1784,Arvika,1764
Tidaholms kommun,Habo kommun,Habo,1498,Tidaholm,0643
Tidaholms kommun,Habo kommun,Habo,1498,Tidaholm,0643
Tidaholms kommun,Habo kommun,Habo,1498,Tidaholm,0643
Tidaholms kommun,Habo kommun,Habo,1498,Tidaholm,0643
Tidaholms kommun,Habo kommun,Habo,1498,Tidaholm,0643
Knivsta kommun,Norrtälje kommun,Norrtälje,0330,Knivsta,0188
Knivsta kommun,Norrtälje kommun,Norrtälje,0330,Knivsta,0188
Knivsta kommun,Norrtälje kommun,Norrtälje,0330,Knivsta,0188
Knivsta kommun,Norrtälje kommun,Norrtälje,0330,Knivsta,0188
Bollebygds kommun,Vårgårda kommun,Vårgårda,1443,Bollebygd,1442
Bollebygds kommun,Vårgårda kommun,Vårgårda,1443,Bollebygd,1442
Bollebygds kommun,Vårgårda kommun,Vårgårda,1443,Bollebygd,1442
Bollebygds kommun,Vårgårda kommun,Vårgårda,1443,Bollebygd,1442
Bollebygds kommun,Vårgårda kommun,Vårgårda,1443,Bollebygd,1442
Bollebygds kommun,Vårgårda kommun,Vårgårda,1443,Bollebygd,1442
Östhammars kommun,Norrtälje kommun,Norrtälje,0382,Östhammar,0188
Östhammars kommun,Norrtälje kommun,Norrtälje,0382,Östhammar,0188
Östhammars kommun,Norrtälje kommun,Norrtälje,0382,Östhammar,0188
Stenungsunds kommun,Lilla Edets kommun,Lilla Edet,1415,Stenungsund,1462
Stenungsunds kommun,Lilla Edets kommun,Lilla Edet,1415,Stenungsund,1462
Stenungsunds kommun,Lilla Edets kommun,Lilla Edet,1415,Stenungsund,1462
Stenungsunds kommun,Lilla Edets kommun,Lilla Edet,1415,Stenungsund,1462
Upplands-Bro kommun,Håbo kommun,Håbo,0139,Upplands-Bro,0305
Upplands-Bro kommun,Håbo kommun,Håbo,0139,Upplands-Bro,0305
Upplands-Bro kommun,Håbo kommun,Håbo,0139,Upplands-Bro,0305
Upplands-Bro kommun,Håbo kommun,Håbo,0139,Upplands-Bro,0305
Upplands-Bro kommun,Håbo kommun,Håbo,0139,Upplands-Bro,0305
Eslövs kommun,Klippans kommun,Klippan,1285,Eslöv,1276
Eslövs kommun,Klippans kommun,Klippan,1285,Eslöv,1276
Eslövs kommun,Klippans kommun,Klippan,1285,Eslöv,1276
Eslövs kommun,Klippans kommun,Klippan,1285,Eslöv,1276
Eslövs kommun,Klippans kommun,Klippan,1285,Eslöv,1276
Eslövs kommun,Klippans kommun,Klippan,1285,Eslöv,1276
Eslövs kommun,Klippans kommun,Klippan,1285,Eslöv,1276
Krokoms kommun,Strömsunds kommun,Strömsund,2309,Krokom,2313
Krokoms kommun,Strömsunds kommun,Strömsund,2309,Krokom,2313
Krokoms kommun,Strömsunds kommun,Strömsund,2309,Krokom,2313
Värmdö kommun,Nacka kommun,Nacka,0120,Värmdö,0182
Norbergs kommun,Hedemora kommun,Hedemora,1962,Norberg,2083
Norbergs kommun,Hedemora kommun,Hedemora,1962,Norberg,2083
Norbergs kommun,Hedemora kommun,Hedemora,1962,Norberg,2083
Norbergs kommun,Hedemora kommun,Hedemora,1962,Norberg,2083
Norbergs kommun,Hedemora kommun,Hedemora,1962,Norberg,2083
Malå kommun,Sorsele kommun,Sorsele,2418,Malå,2422
Malå kommun,Sorsele kommun,Sorsele,2418,Malå,2422
Malå kommun,Sorsele kommun,Sorsele,2418,Malå,2422
Malå kommun,Sorsele kommun,Sorsele,2418,Malå,2422
Kristinehamns kommun,Karlskoga kommun,Karlskoga,1781,Kristinehamn,1883
Kristinehamns kommun,Karlskoga kommun,Karlskoga,1781,Kristinehamn,1883
Kristinehamns kommun,Karlskoga kommun,Karlskoga,1781,Kristinehamn,1883
Kristinehamns kommun,Karlskoga kommun,Karlskoga,1781,Kristinehamn,1883
Kristinehamns kommun,Karlskoga kommun,Karlskoga,1781,Kristinehamn,1883
Kristinehamns kommun,Karlskoga kommun,Karlskoga,1781,Kristinehamn,1883
Svedala kommun,Skurups kommun,Skurup,1263,Svedala,1264
Svedala kommun,Skurups kommun,Skurup,1263,Svedala,1264
Svedala kommun,Skurups kommun,Skurup,1263,Svedala,1264
Svedala kommun,Skurups kommun,Skurup,1263,Svedala,1264
Svedala kommun,Skurups kommun,Skurup,1263,Svedala,1264
Svedala kommun,Skurups kommun,Skurup,1263,Svedala,1264
Svedala kommun,Skurups kommun,Skurup,1263,Svedala,1264
Nyköpings kommun,Oxelösunds kommun,Oxelösund,0480,Nyköping,0481
Nyköpings kommun,Oxelösunds kommun,Oxelösund,0480,Nyköping,0481
Nyköpings kommun,Oxelösunds kommun,Oxelösund,0480,Nyköping,0481
Nyköpings kommun,Oxelösunds kommun,Oxelösund,0480,Nyköping,0481
Nyköpings kommun,Oxelösunds kommun,Oxelösund,0480,Nyköping,0481
Nyköpings kommun,Oxelösunds kommun,Oxelösund,0480,Nyköping,0481
Bjuvs kommun,Åstorps kommun,Åstorp,1260,Bjuv,1277
Bjuvs kommun,Åstorps kommun,Åstorp,1260,Bjuv,1277
Bjuvs kommun,Åstorps kommun,Åstorp,1260,Bjuv,1277
Haninge kommun,Huddinge kommun,Huddinge,0136,Haninge,0126
Haninge kommun,Huddinge kommun,Huddinge,0136,Haninge,0126
Haninge kommun,Huddinge kommun,Huddinge,0136,Haninge,0126
Haninge kommun,Huddinge kommun,Huddinge,0136,Haninge,0126
Smedjebackens kommun,Hedemora kommun,Hedemora,2061,Smedjebacken,2083
Smedjebackens kommun,Hedemora kommun,Hedemora,2061,Smedjebacken,2083
Smedjebackens kommun,Hedemora kommun,Hedemora,2061,Smedjebacken,2083
Smedjebackens kommun,Hedemora kommun,Hedemora,2061,Smedjebacken,2083
Smedjebackens kommun,Hedemora kommun,Hedemora,2061,Smedjebacken,2083
Smedjebackens kommun,Hedemora kommun,Hedemora,2061,Smedjebacken,2083
Smedjebackens kommun,Hedemora kommun,Hedemora,2061,Smedjebacken,2083
Smedjebackens kommun,Hedemora kommun,Hedemora,2061,Smedjebacken,2083
Härryda kommun,Lerums kommun,Lerum,1401,Härryda,1441
Härryda kommun,Lerums kommun,Lerum,1401,Härryda,1441
Härryda kommun,Lerums kommun,Lerum,1401,Härryda,1441
Härryda kommun,Lerums kommun,Lerum,1401,Härryda,1441
Härryda kommun,Lerums kommun,Lerum,1401,Härryda,1441
Härryda kommun,Lerums kommun,Lerum,1401,Härryda,1441
Härryda kommun,Lerums kommun,Lerum,1401,Härryda,1441
Alvesta kommun,Värnamo kommun,Värnamo,0764,Alvesta,0683
Alvesta kommun,Värnamo kommun,Värnamo,0764,Alvesta,0683
Alvesta kommun,Värnamo kommun,Värnamo,0764,Alvesta,0683
Alvesta kommun,Värnamo kommun,Värnamo,0764,Alvesta,0683
Alvesta kommun,Värnamo kommun,Värnamo,0764,Alvesta,0683
Alvesta kommun,Värnamo kommun,Värnamo,0764,Alvesta,0683
Malung-Sälens kommun,Filipstads kommun,Filipstad,2023,Malung-Sälen,1782
Malung-Sälens kommun,Filipstads kommun,Filipstad,2023,Malung-Sälen,1782
Malung-Sälens kommun,Filipstads kommun,Filipstad,2023,Malung-Sälen,1782
Malung-Sälens kommun,Filipstads kommun,Filipstad,2023,Malung-Sälen,1782
Malung-Sälens kommun,Filipstads kommun,Filipstad,2023,Malung-Sälen,1782
Malung-Sälens kommun,Filipstads kommun,Filipstad,2023,Malung-Sälen,1782
Borgholms kommun,Mörbylånga kommun,Mörbylånga,0885,Borgholm,0840
Karlstads kommun,Filipstads kommun,Filipstad,1780,Karlstad,1782
Karlstads kommun,Filipstads kommun,Filipstad,1780,Karlstad,1782
Karlstads kommun,Filipstads kommun,Filipstad,1780,Karlstad,1782
Karlstads kommun,Filipstads kommun,Filipstad,1780,Karlstad,1782
Karlstads kommun,Filipstads kommun,Filipstad,1780,Karlstad,1782
Karlstads kommun,Filipstads kommun,Filipstad,1780,Karlstad,1782
Karlstads kommun,Filipstads kommun,Filipstad,1780,Karlstad,1782
Karlstads kommun,Filipstads kommun,Filipstad,1780,Karlstad,1782
Nykvarns kommun,Gnesta kommun,Gnesta,0140,Nykvarn,0461
Nykvarns kommun,Gnesta kommun,Gnesta,0140,Nykvarn,0461
Nykvarns kommun,Gnesta kommun,Gnesta,0140,Nykvarn,0461
Strängnäs kommun,Gnesta kommun,Gnesta,0486,Strängnäs,0461
Strängnäs kommun,Gnesta kommun,Gnesta,0486,Strängnäs,0461
Strängnäs kommun,Gnesta kommun,Gnesta,0486,Strängnäs,0461
Strängnäs kommun,Gnesta kommun,Gnesta,0486,Strängnäs,0461
Rättviks kommun,Falu kommun,Falun,2031,Rättvik,2080
Rättviks kommun,Falu kommun,Falun,2031,Rättvik,2080
Rättviks kommun,Falu kommun,Falun,2031,Rättvik,2080
Rättviks kommun,Falu kommun,Falun,2031,Rättvik,2080
Rättviks kommun,Falu kommun,Falun,2031,Rättvik,2080
Rättviks kommun,Falu kommun,Falun,2031,Rättvik,2080
Sundbybergs stad,Solna stad,Solna,0183,Sundbyberg,0184
Sundbybergs stad,Solna stad,Solna,0183,Sundbyberg,0184
Sundbybergs stad,Solna stad,Solna,0183,Sundbyberg,0184
Sorsele kommun,Arjeplogs kommun,Arjeplog,2422,Sorsele,2506
Sorsele kommun,Arjeplogs kommun,Arjeplog,2422,Sorsele,2506
Sorsele kommun,Arjeplogs kommun,Arjeplog,2422,Sorsele,2506
Sorsele kommun,Arjeplogs kommun,Arjeplog,2422,Sorsele,2506
Sorsele kommun,Arjeplogs kommun,Arjeplog,2422,Sorsele,2506
Bräcke kommun,Ragunda kommun,Ragunda,2305,Bräcke,2303
Bräcke kommun,Ragunda kommun,Ragunda,2305,Bräcke,2303
Bräcke kommun,Ragunda kommun,Ragunda,2305,Bräcke,2303
Bräcke kommun,Ragunda kommun,Ragunda,2305,Bräcke,2303
Bräcke kommun,Ragunda kommun,Ragunda,2305,Bräcke,2303
Hallstahammars kommun,Västerås stad,Västerås,1961,Hallstahammar,1980
Hallstahammars kommun,Västerås stad,Västerås,1961,Hallstahammar,1980
Hallstahammars kommun,Västerås stad,Västerås,1961,Hallstahammar,1980
Vimmerby kommun,Ydre kommun,Ydre,0884,Vimmerby,0512
Vimmerby kommun,Ydre kommun,Ydre,0884,Vimmerby,0512
Vimmerby kommun,Ydre kommun,Ydre,0884,Vimmerby,0512
Vimmerby kommun,Ydre kommun,Ydre,0884,Vimmerby,0512
Vimmerby kommun,Ydre kommun,Ydre,0884,Vimmerby,0512
Vimmerby kommun,Ydre kommun,Ydre,0884,Vimmerby,0512
Lysekils kommun,Orust kommun,Orust,1484,Lysekil,1421
Lysekils kommun,Orust kommun,Orust,1484,Lysekil,1421
Lysekils kommun,Orust kommun,Orust,1484,Lysekil,1421
Lysekils kommun,Orust kommun,Orust,1484,Lysekil,1421
Torsby kommun,Hagfors kommun,Hagfors,1737,Torsby,1783
Torsby kommun,Hagfors kommun,Hagfors,1737,Torsby,1783
Torsby kommun,Hagfors kommun,Hagfors,1737,Torsby,1783
Torsby kommun,Hagfors kommun,Hagfors,1737,Torsby,1783
Vårgårda kommun,Essunga kommun,Essunga,1442,Vårgårda,1445
Vårgårda kommun,Essunga kommun,Essunga,1442,Vårgårda,1445
Vårgårda kommun,Essunga kommun,Essunga,1442,Vårgårda,1445
Vårgårda kommun,Essunga kommun,Essunga,1442,Vårgårda,1445
Vårgårda kommun,Essunga kommun,Essunga,1442,Vårgårda,1445
Tierps kommun,Gävle kommun,Gävle,0360,Tierp,2180
Tierps kommun,Gävle kommun,Gävle,0360,Tierp,2180
Tierps kommun,Gävle kommun,Gävle,0360,Tierp,2180
Tierps kommun,Gävle kommun,Gävle,0360,Tierp,2180
Tierps kommun,Gävle kommun,Gävle,0360,Tierp,2180
Karlsborgs kommun,Askersunds kommun,Askersund,1446,Karlsborg,1882
Karlsborgs kommun,Askersunds kommun,Askersund,1446,Karlsborg,1882
Karlsborgs kommun,Askersunds kommun,Askersund,1446,Karlsborg,1882
Karlsborgs kommun,Askersunds kommun,Askersund,1446,Karlsborg,1882
Karlsborgs kommun,Askersunds kommun,Askersund,1446,Karlsborg,1882
Olofströms kommun,Älmhults kommun,Älmhult,1060,Olofström,0765
Olofströms kommun,Älmhults kommun,Älmhult,1060,Olofström,0765
Olofströms kommun,Älmhults kommun,Älmhult,1060,Olofström,0765
Olofströms kommun,Älmhults kommun,Älmhult,1060,Olofström,0765
Olofströms kommun,Älmhults kommun,Älmhult,1060,Olofström,0765
Olofströms kommun,Älmhults kommun,Älmhult,1060,Olofström,0765
Olofströms kommun,Älmhults kommun,Älmhult,1060,Olofström,0765
Olofströms kommun,Älmhults kommun,Älmhult,1060,Olofström,0765
Säffle kommun,Grums kommun,Grums,1785,Säffle,1764
Säffle kommun,Grums kommun,Grums,1785,Säffle,1764
Säffle kommun,Grums kommun,Grums,1785,Säffle,1764
Säffle kommun,Grums kommun,Grums,1785,Säffle,1764
Säffle kommun,Grums kommun,Grums,1785,Säffle,1764
Borås stad,Tranemo kommun,Tranemo,1490,Borås,1452
Borås stad,Tranemo kommun,Tranemo,1490,Borås,1452
Borås stad,Tranemo kommun,Tranemo,1490,Borås,1452
Borås stad,Tranemo kommun,Tranemo,1490,Borås,1452
Borås stad,Tranemo kommun,Tranemo,1490,Borås,1452
Borås stad,Tranemo kommun,Tranemo,1490,Borås,1452
Borås stad,Tranemo kommun,Tranemo,1490,Borås,1452
Avesta kommun,Hedemora kommun,Hedemora,2084,Avesta,2083
Avesta kommun,Hedemora kommun,Hedemora,2084,Avesta,2083
Avesta kommun,Hedemora kommun,Hedemora,2084,Avesta,2083
Avesta kommun,Hedemora kommun,Hedemora,2084,Avesta,2083
Avesta kommun,Hedemora kommun,Hedemora,2084,Avesta,2083
Avesta kommun,Hedemora kommun,Hedemora,2084,Avesta,2083
Markaryds kommun,Kungsbacka kommun,Kungsbacka,1463,Mark,1384
Markaryds kommun,Kungsbacka kommun,Kungsbacka,1463,Mark,1384
Markaryds kommun,Kungsbacka kommun,Kungsbacka,1463,Mark,1384
Markaryds kommun,Kungsbacka kommun,Kungsbacka,1463,Mark,1384
Markaryds kommun,Kungsbacka kommun,Kungsbacka,1463,Mark,1384
Markaryds kommun,Kungsbacka kommun,Kungsbacka,1463,Mark,1384
Markaryds kommun,Kungsbacka kommun,Kungsbacka,1463,Mark,1384
Markaryds kommun,Kungsbacka kommun,Kungsbacka,1463,Mark,1384
Pajala kommun,Överkalix kommun,Överkalix,2521,Pajala,2513
Pajala kommun,Överkalix kommun,Överkalix,2521,Pajala,2513
Pajala kommun,Överkalix kommun,Överkalix,2521,Pajala,2513
Pajala kommun,Överkalix kommun,Överkalix,2521,Pajala,2513
Jokkmokks kommun,Arjeplogs kommun,Arjeplog,2510,Jokkmokk,2506
Jokkmokks kommun,Arjeplogs kommun,Arjeplog,2510,Jokkmokk,2506
Jokkmokks kommun,Arjeplogs kommun,Arjeplog,2510,Jokkmokk,2506
Jokkmokks kommun,Arjeplogs kommun,Arjeplog,2510,Jokkmokk,2506
Jokkmokks kommun,Arjeplogs kommun,Arjeplog,2510,Jokkmokk,2506
Bodens kommun,Överkalix kommun,Överkalix,2582,Boden,2513
Bodens kommun,Överkalix kommun,Överkalix,2582,Boden,2513
Bodens kommun,Överkalix kommun,Överkalix,2582,Boden,2513
Bodens kommun,Överkalix kommun,Överkalix,2582,Boden,2513
Bodens kommun,Överkalix kommun,Överkalix,2582,Boden,2513
Bodens kommun,Överkalix kommun,Överkalix,2582,Boden,2513
Emmaboda kommun,Torsås kommun,Torsås,0862,Emmaboda,0834
Emmaboda kommun,Torsås kommun,Torsås,0862,Emmaboda,0834
Emmaboda kommun,Torsås kommun,Torsås,0862,Emmaboda,0834
Emmaboda kommun,Torsås kommun,Torsås,0862,Emmaboda,0834
Emmaboda kommun,Torsås kommun,Torsås,0862,Emmaboda,0834
Emmaboda kommun,Torsås kommun,Torsås,0862,Emmaboda,0834
Emmaboda kommun,Torsås kommun,Torsås,0862,Emmaboda,0834
Osby kommun,Marks kommun,Markaryd,1273,Osby,0767
Osby kommun,Marks kommun,Markaryd,1273,Osby,0767
Osby kommun,Marks kommun,Markaryd,1273,Osby,0767
Osby kommun,Marks kommun,Markaryd,1273,Osby,0767
Osby kommun,Marks kommun,Markaryd,1273,Osby,0767
Osby kommun,Marks kommun,Markaryd,1273,Osby,0767
Ludvika kommun,Säters kommun,Säter,2085,Ludvika,2082
Ludvika kommun,Säters kommun,Säter,2085,Ludvika,2082
Ludvika kommun,Säters kommun,Säter,2085,Ludvika,2082
Ludvika kommun,Säters kommun,Säter,2085,Ludvika,2082
Ludvika kommun,Säters kommun,Säter,2085,Ludvika,2082
Ludvika kommun,Säters kommun,Säter,2085,Ludvika,2082
Ludvika kommun,Säters kommun,Säter,2085,Ludvika,2082
Ludvika kommun,Säters kommun,Säter,2085,Ludvika,2082
Robertsfors kommun,Umeå kommun,Umeå,2409,Robertsfors,2480
Robertsfors kommun,Umeå kommun,Umeå,2409,Robertsfors,2480
Mora kommun,Vansbro kommun,Vansbro,2062,Mora,2021
Mora kommun,Vansbro kommun,Vansbro,2062,Mora,2021
Mora kommun,Vansbro kommun,Vansbro,2062,Mora,2021
Mora kommun,Vansbro kommun,Vansbro,2062,Mora,2021
Mora kommun,Vansbro kommun,Vansbro,2062,Mora,2021
Mora kommun,Vansbro kommun,Vansbro,2062,Mora,2021
Mora kommun,Vansbro kommun,Vansbro,2062,Mora,2021
Älmhults kommun,Marks kommun,Markaryd,0765,Älmhult,0767
Älmhults kommun,Marks kommun,Markaryd,0765,Älmhult,0767
Älmhults kommun,Marks kommun,Markaryd,0765,Älmhult,0767
Älmhults kommun,Marks kommun,Markaryd,0765,Älmhult,0767
Älmhults kommun,Marks kommun,Markaryd,0765,Älmhult,0767
Älmhults kommun,Marks kommun,Markaryd,0765,Älmhult,0767
Älmhults kommun,Marks kommun,Markaryd,0765,Älmhult,0767
Marks kommun,Älmhults kommun,Älmhult,0767,Markaryd,0765
Marks kommun,Älmhults kommun,Älmhult,0767,Markaryd,0765
Marks kommun,Älmhults kommun,Älmhult,0767,Markaryd,0765
Marks kommun,Älmhults kommun,Älmhult,0767,Markaryd,0765
Marks kommun,Älmhults kommun,Älmhult,0767,Markaryd,0765
Marks kommun,Älmhults kommun,Älmhult,0767,Markaryd,0765
Mölndals stad,Kungsbacka kommun,Kungsbacka,1481,Mölndal,1384
Mölndals stad,Kungsbacka kommun,Kungsbacka,1481,Mölndal,1384
Mölndals stad,Kungsbacka kommun,Kungsbacka,1481,Mölndal,1384
Mölndals stad,Kungsbacka kommun,Kungsbacka,1481,Mölndal,1384
Höganäs kommun,Helsingborgs stad,Helsingborg,1284,Höganäs,1283
Bollnäs kommun,Söderhamns kommun,Söderhamn,2183,Bollnäs,2182
Bollnäs kommun,Söderhamns kommun,Söderhamn,2183,Bollnäs,2182
Bollnäs kommun,Söderhamns kommun,Söderhamn,2183,Bollnäs,2182
Bollnäs kommun,Söderhamns kommun,Söderhamn,2183,Bollnäs,2182
Bollnäs kommun,Söderhamns kommun,Söderhamn,2183,Bollnäs,2182
Bollnäs kommun,Söderhamns kommun,Söderhamn,2183,Bollnäs,2182
Lycksele kommun,Åsele kommun,Åsele,2481,Lycksele,2463
Lycksele kommun,Åsele kommun,Åsele,2481,Lycksele,2463
Lycksele kommun,Åsele kommun,Åsele,2481,Lycksele,2463
Lycksele kommun,Åsele kommun,Åsele,2481,Lycksele,2463
Lycksele kommun,Åsele kommun,Åsele,2481,Lycksele,2463
Lycksele kommun,Åsele kommun,Åsele,2481,Lycksele,2463
Lycksele kommun,Åsele kommun,Åsele,2481,Lycksele,2463
Lycksele kommun,Åsele kommun,Åsele,2481,Lycksele,2463
Strömstads kommun,Tanums kommun,Tanum,1486,Strömstad,1435
Herrljunga kommun,Falköpings kommun,Falköping,1466,Herrljunga,1499
Herrljunga kommun,Falköpings kommun,Falköping,1466,Herrljunga,1499
Herrljunga kommun,Falköpings kommun,Falköping,1466,Herrljunga,1499
Herrljunga kommun,Falköpings kommun,Falköping,1466,Herrljunga,1499
Herrljunga kommun,Falköpings kommun,Falköping,1466,Herrljunga,1499
Herrljunga kommun,Falköpings kommun,Falköping,1466,Herrljunga,1499
Hylte kommun,Gislaveds kommun,Gislaved,1315,Hylte,0662
Hylte kommun,Gislaveds kommun,Gislaved,1315,Hylte,0662
Hylte kommun,Gislaveds kommun,Gislaved,1315,Hylte,0662
Hylte kommun,Gislaveds kommun,Gislaved,1315,Hylte,0662
Nora kommun,Örebro kommun,Örebro,1884,Nora,1880
Nora kommun,Örebro kommun,Örebro,1884,Nora,1880
Nora kommun,Örebro kommun,Örebro,1884,Nora,1880
Nora kommun,Örebro kommun,Örebro,1884,Nora,1880
Upplands Väsby kommun,Täby kommun,Täby,0114,Upplands Väsby,0160
Upplands Väsby kommun,Täby kommun,Täby,0114,Upplands Väsby,0160
Upplands Väsby kommun,Täby kommun,Täby,0114,Upplands Väsby,0160
Upplands Väsby kommun,Täby kommun,Täby,0114,Upplands Väsby,0160
Upplands Väsby kommun,Täby kommun,Täby,0114,Upplands Väsby,0160
Upplands Väsby kommun,Täby kommun,Täby,0114,Upplands Väsby,0160
Bergs kommun,Bräcke kommun,Bräcke,2326,Berg,2305
Bergs kommun,Bräcke kommun,Bräcke,2326,Berg,2305
Bergs kommun,Bräcke kommun,Bräcke,2326,Berg,2305
Bergs kommun,Bräcke kommun,Bräcke,2326,Berg,2305
Bergs kommun,Bräcke kommun,Bräcke,2326,Berg,2305
Hässleholms kommun,Marks kommun,Markaryd,1293,Hässleholm,0767
Hässleholms kommun,Marks kommun,Markaryd,1293,Hässleholm,0767
Hässleholms kommun,Marks kommun,Markaryd,1293,Hässleholm,0767
Hässleholms kommun,Marks kommun,Markaryd,1293,Hässleholm,0767
Hässleholms kommun,Marks kommun,Markaryd,1293,Hässleholm,0767
Hässleholms kommun,Marks kommun,Markaryd,1293,Hässleholm,0767
Hässleholms kommun,Marks kommun,Markaryd,1293,Hässleholm,0767
Hässleholms kommun,Marks kommun,Markaryd,1293,Hässleholm,0767
Hässleholms kommun,Marks kommun,Markaryd,1293,Hässleholm,0767
Hässleholms kommun,Marks kommun,Markaryd,1293,Hässleholm,0767
Trelleborgs kommun,Skurups kommun,Skurup,1287,Trelleborg,1264
Trelleborgs kommun,Skurups kommun,Skurup,1287,Trelleborg,1264
Trelleborgs kommun,Skurups kommun,Skurup,1287,Trelleborg,1264
Trelleborgs kommun,Skurups kommun,Skurup,1287,Trelleborg,1264
Malmö stad,Vellinge kommun,Vellinge,1280,Malmö,1233
Malmö stad,Vellinge kommun,Vellinge,1280,Malmö,1233
Malmö stad,Vellinge kommun,Vellinge,1280,Malmö,1233
Malmö stad,Vellinge kommun,Vellinge,1280,Malmö,1233
Malmö stad,Vellinge kommun,Vellinge,1280,Malmö,1233
Surahammars kommun,Hallstahammars kommun,Hallstahammar,1907,Surahammar,1961
Surahammars kommun,Hallstahammars kommun,Hallstahammar,1907,Surahammar,1961
Surahammars kommun,Hallstahammars kommun,Hallstahammar,1907,Surahammar,1961
Surahammars kommun,Hallstahammars kommun,Hallstahammar,1907,Surahammar,1961
Surahammars kommun,Hallstahammars kommun,Hallstahammar,1907,Surahammar,1961
Surahammars kommun,Hallstahammars kommun,Hallstahammar,1907,Surahammar,1961
Kristianstads kommun,Osby kommun,Osby,1290,Kristianstad,1273
Kristianstads kommun,Osby kommun,Osby,1290,Kristianstad,1273
Kristianstads kommun,Osby kommun,Osby,1290,Kristianstad,1273
Kristianstads kommun,Osby kommun,Osby,1290,Kristianstad,1273
Kristianstads kommun,Osby kommun,Osby,1290,Kristianstad,1273
Kristianstads kommun,Osby kommun,Osby,1290,Kristianstad,1273
Kristianstads kommun,Osby kommun,Osby,1290,Kristianstad,1273
Kristianstads kommun,Osby kommun,Osby,1290,Kristianstad,1273
Lessebo kommun,Nybro kommun,Nybro,0761,Lessebo,0881
Lessebo kommun,Nybro kommun,Nybro,0761,Lessebo,0881
Lessebo kommun,Nybro kommun,Nybro,0761,Lessebo,0881
Lessebo kommun,Nybro kommun,Nybro,0761,Lessebo,0881
Lessebo kommun,Nybro kommun,Nybro,0761,Lessebo,0881
Gislaveds kommun,Jönköpings kommun,Jönköping,0662,Gislaved,0680
Gislaveds kommun,Jönköpings kommun,Jönköping,0662,Gislaved,0680
Gislaveds kommun,Jönköpings kommun,Jönköping,0662,Gislaved,0680
Gislaveds kommun,Jönköpings kommun,Jönköping,0662,Gislaved,0680
Gislaveds kommun,Jönköpings kommun,Jönköping,0662,Gislaved,0680
Gislaveds kommun,Jönköpings kommun,Jönköping,0662,Gislaved,0680
Gislaveds kommun,Jönköpings kommun,Jönköping,0662,Gislaved,0680
Gislaveds kommun,Jönköpings kommun,Jönköping,0662,Gislaved,0680
Gislaveds kommun,Jönköpings kommun,Jönköping,0662,Gislaved,0680
Uppsala kommun,Norrtälje kommun,Norrtälje,0380,Uppsala,0188
Uppsala kommun,Norrtälje kommun,Norrtälje,0380,Uppsala,0188
Uppsala kommun,Norrtälje kommun,Norrtälje,0380,Uppsala,0188
Uppsala kommun,Norrtälje kommun,Norrtälje,0380,Uppsala,0188
Uppsala kommun,Norrtälje kommun,Norrtälje,0380,Uppsala,0188
Uppsala kommun,Norrtälje kommun,Norrtälje,0380,Uppsala,0188
Uppsala kommun,Norrtälje kommun,Norrtälje,0380,Uppsala,0188
Uppsala kommun,Norrtälje kommun,Norrtälje,0380,Uppsala,0188
Sävsjö kommun,Värnamo kommun,Värnamo,0684,Sävsjö,0683
Sävsjö kommun,Värnamo kommun,Värnamo,0684,Sävsjö,0683
Sävsjö kommun,Värnamo kommun,Värnamo,0684,Sävsjö,0683
Sävsjö kommun,Värnamo kommun,Värnamo,0684,Sävsjö,0683
Sävsjö kommun,Värnamo kommun,Värnamo,0684,Sävsjö,0683
Sävsjö kommun,Värnamo kommun,Värnamo,0684,Sävsjö,0683
Ockelbo kommun,Bollnäs kommun,Bollnäs,2101,Ockelbo,2183
Ockelbo kommun,Bollnäs kommun,Bollnäs,2101,Ockelbo,2183
Ockelbo kommun,Bollnäs kommun,Bollnäs,2101,Ockelbo,2183
Ockelbo kommun,Bollnäs kommun,Bollnäs,2101,Ockelbo,2183
Ockelbo kommun,Bollnäs kommun,Bollnäs,2101,Ockelbo,2183
Essunga kommun,Grästorps kommun,Grästorp,1445,Essunga,1444
Essunga kommun,Grästorps kommun,Grästorp,1445,Essunga,1444
Essunga kommun,Grästorps kommun,Grästorp,1445,Essunga,1444
Essunga kommun,Grästorps kommun,Grästorp,1445,Essunga,1444
Essunga kommun,Grästorps kommun,Grästorp,1445,Essunga,1444
Essunga kommun,Grästorps kommun,Grästorp,1445,Essunga,1444
Hammarö kommun,Karlstads kommun,Karlstad,1761,Hammarö,1780
Högsby kommun,Hultsfreds kommun,Hultsfred,0821,Högsby,0860
Högsby kommun,Hultsfreds kommun,Hultsfred,0821,Högsby,0860
Högsby kommun,Hultsfreds kommun,Hultsfred,0821,Högsby,0860
Högsby kommun,Hultsfreds kommun,Hultsfred,0821,Högsby,0860
Högsby kommun,Hultsfreds kommun,Hultsfred,0821,Högsby,0860
Högsby kommun,Hultsfreds kommun,Hultsfred,0821,Högsby,0860
Skellefteå kommun,Umeå kommun,Umeå,2482,Skellefteå,2480
Skellefteå kommun,Umeå kommun,Umeå,2482,Skellefteå,2480
Skellefteå kommun,Umeå kommun,Umeå,2482,Skellefteå,2480
Skellefteå kommun,Umeå kommun,Umeå,2482,Skellefteå,2480
Skellefteå kommun,Umeå kommun,Umeå,2482,Skellefteå,2480
Skellefteå kommun,Umeå kommun,Umeå,2482,Skellefteå,2480
Nordanstigs kommun,Sundsvalls kommun,Sundsvall,2132,Nordanstig,2281
Nordanstigs kommun,Sundsvalls kommun,Sundsvall,2132,Nordanstig,2281
Nordanstigs kommun,Sundsvalls kommun,Sundsvall,2132,Nordanstig,2281
Nordanstigs kommun,Sundsvalls kommun,Sundsvall,2132,Nordanstig,2281
Östra Göinge kommun,Osby kommun,Osby,1256,Östra Göinge,1273
Östra Göinge kommun,Osby kommun,Osby,1256,Östra Göinge,1273
Östra Göinge kommun,Osby kommun,Osby,1256,Östra Göinge,1273
Östra Göinge kommun,Osby kommun,Osby,1256,Östra Göinge,1273
Katrineholms kommun,Nyköpings kommun,Nyköping,0483,Katrineholm,0480
Katrineholms kommun,Nyköpings kommun,Nyköping,0483,Katrineholm,0480
Katrineholms kommun,Nyköpings kommun,Nyköping,0483,Katrineholm,0480
Katrineholms kommun,Nyköpings kommun,Nyköping,0483,Katrineholm,0480
Katrineholms kommun,Nyköpings kommun,Nyköping,0483,Katrineholm,0480
Katrineholms kommun,Nyköpings kommun,Nyköping,0483,Katrineholm,0480
Laholms kommun,Marks kommun,Markaryd,1381,Laholm,0767
Laholms kommun,Marks kommun,Markaryd,1381,Laholm,0767
Laholms kommun,Marks kommun,Markaryd,1381,Laholm,0767
Laholms kommun,Marks kommun,Markaryd,1381,Laholm,0767
Laholms kommun,Marks kommun,Markaryd,1381,Laholm,0767
Laholms kommun,Marks kommun,Markaryd,1381,Laholm,0767
Jönköpings kommun,Habo kommun,Habo,0680,Jönköping,0643
Jönköpings kommun,Habo kommun,Habo,0680,Jönköping,0643
Jönköpings kommun,Habo kommun,Habo,0680,Jönköping,0643
Jönköpings kommun,Habo kommun,Habo,0680,Jönköping,0643
Jönköpings kommun,Habo kommun,Habo,0680,Jönköping,0643
Jönköpings kommun,Habo kommun,Habo,0680,Jönköping,0643
Jönköpings kommun,Habo kommun,Habo,0680,Jönköping,0643
Jönköpings kommun,Habo kommun,Habo,0680,Jönköping,0643
Jönköpings kommun,Habo kommun,Habo,0680,Jönköping,0643
Jönköpings kommun,Habo kommun,Habo,0680,Jönköping,0643
Askersunds kommun,Hallsbergs kommun,Hallsberg,1882,Askersund,1861
Askersunds kommun,Hallsbergs kommun,Hallsberg,1882,Askersund,1861
Askersunds kommun,Hallsbergs kommun,Hallsberg,1882,Askersund,1861
Askersunds kommun,Hallsbergs kommun,Hallsberg,1882,Askersund,1861
Mönsterås kommun,Högsby kommun,Högsby,0861,Mönsterås,0821
Mönsterås kommun,Högsby kommun,Högsby,0861,Mönsterås,0821
Mönsterås kommun,Högsby kommun,Högsby,0861,Mönsterås,0821
Mönsterås kommun,Högsby kommun,Högsby,0861,Mönsterås,0821
Kävlinge kommun,Landskrona stad,Landskrona,1261,Kävlinge,1282
Kävlinge kommun,Landskrona stad,Landskrona,1261,Kävlinge,1282
Kävlinge kommun,Landskrona stad,Landskrona,1261,Kävlinge,1282
Kävlinge kommun,Landskrona stad,Landskrona,1261,Kävlinge,1282
Kävlinge kommun,Landskrona stad,Landskrona,1261,Kävlinge,1282
Västerviks kommun,Kinda kommun,Kinda,0883,Västervik,0513
Västerviks kommun,Kinda kommun,Kinda,0883,Västervik,0513
Västerviks kommun,Kinda kommun,Kinda,0883,Västervik,0513
Västerviks kommun,Kinda kommun,Kinda,0883,Västervik,0513
Västerviks kommun,Kinda kommun,Kinda,0883,Västervik,0513
Tranemo kommun,Jönköpings kommun,Jönköping,1452,Tranemo,0680
Tranemo kommun,Jönköpings kommun,Jönköping,1452,Tranemo,0680
Tranemo kommun,Jönköpings kommun,Jönköping,1452,Tranemo,0680
Tranemo kommun,Jönköpings kommun,Jönköping,1452,Tranemo,0680
Tranemo kommun,Jönköpings kommun,Jönköping,1452,Tranemo,0680
Falköpings kommun,Mullsjö kommun,Mullsjö,1499,Falköping,0642
Falköpings kommun,Mullsjö kommun,Mullsjö,1499,Falköping,0642
Falköpings kommun,Mullsjö kommun,Mullsjö,1499,Falköping,0642
Falköpings kommun,Mullsjö kommun,Mullsjö,1499,Falköping,0642
Falköpings kommun,Mullsjö kommun,Mullsjö,1499,Falköping,0642
Falköpings kommun,Mullsjö kommun,Mullsjö,1499,Falköping,0642
Falköpings kommun,Mullsjö kommun,Mullsjö,1499,Falköping,0642
Täby kommun,Danderyds kommun,Danderyd,0160,Täby,0162
Täby kommun,Danderyds kommun,Danderyd,0160,Täby,0162
Täby kommun,Danderyds kommun,Danderyd,0160,Täby,0162
Täby kommun,Danderyds kommun,Danderyd,0160,Täby,0162
Täby kommun,Danderyds kommun,Danderyd,0160,Täby,0162
Torsås kommun,Kalmar kommun,Kalmar,0834,Torsås,0880
Torsås kommun,Kalmar kommun,Kalmar,0834,Torsås,0880
Torsås kommun,Kalmar kommun,Kalmar,0834,Torsås,0880
Oskarshamns kommun,Västerviks kommun,Västervik,0882,Oskarshamn,0883
Oskarshamns kommun,Västerviks kommun,Västervik,0882,Oskarshamn,0883
Oskarshamns kommun,Västerviks kommun,Västervik,0882,Oskarshamn,0883
Oskarshamns kommun,Västerviks kommun,Västervik,0882,Oskarshamn,0883
Oskarshamns kommun,Västerviks kommun,Västervik,0882,Oskarshamn,0883
Bengtsfors kommun,Årjängs kommun,Årjäng,1460,Bengtsfors,1765
Bengtsfors kommun,Årjängs kommun,Årjäng,1460,Bengtsfors,1765
Bengtsfors kommun,Årjängs kommun,Årjäng,1460,Bengtsfors,1765
Bengtsfors kommun,Årjängs kommun,Årjäng,1460,Bengtsfors,1765
Bengtsfors kommun,Årjängs kommun,Årjäng,1460,Bengtsfors,1765
Bengtsfors kommun,Årjängs kommun,Årjäng,1460,Bengtsfors,1765
Hultsfreds kommun,Vimmerby kommun,Vimmerby,0860,Hultsfred,0884
Hultsfreds kommun,Vimmerby kommun,Vimmerby,0860,Hultsfred,0884
Hultsfreds kommun,Vimmerby kommun,Vimmerby,0860,Hultsfred,0884
Hultsfreds kommun,Vimmerby kommun,Vimmerby,0860,Hultsfred,0884
Hultsfreds kommun,Vimmerby kommun,Vimmerby,0860,Hultsfred,0884
Hultsfreds kommun,Vimmerby kommun,Vimmerby,0860,Hultsfred,0884
Bromölla kommun,Sölvesborgs kommun,Sölvesborg,1272,Bromölla,1083
Bromölla kommun,Sölvesborgs kommun,Sölvesborg,1272,Bromölla,1083
Bromölla kommun,Sölvesborgs kommun,Sölvesborg,1272,Bromölla,1083
Piteå kommun,Älvsbyns kommun,Älvsbyn,2581,Piteå,2560
Piteå kommun,Älvsbyns kommun,Älvsbyn,2581,Piteå,2560
Piteå kommun,Älvsbyns kommun,Älvsbyn,2581,Piteå,2560
Piteå kommun,Älvsbyns kommun,Älvsbyn,2581,Piteå,2560
Piteå kommun,Älvsbyns kommun,Älvsbyn,2581,Piteå,2560
Storumans kommun,Vilhelmina kommun,Vilhelmina,2421,Storuman,2462
Storumans kommun,Vilhelmina kommun,Vilhelmina,2421,Storuman,2462
Storumans kommun,Vilhelmina kommun,Vilhelmina,2421,Storuman,2462
Skinnskattebergs kommun,Surahammars kommun,Surahammar,1904,Skinnskatteberg,1907
Skinnskattebergs kommun,Surahammars kommun,Surahammar,1904,Skinnskatteberg,1907
Skinnskattebergs kommun,Surahammars kommun,Surahammar,1904,Skinnskatteberg,1907
Skinnskattebergs kommun,Surahammars kommun,Surahammar,1904,Skinnskatteberg,1907
Skinnskattebergs kommun,Surahammars kommun,Surahammar,1904,Skinnskatteberg,1907
Hudiksvalls kommun,Bollnäs kommun,Bollnäs,2184,Hudiksvall,2183
Hudiksvalls kommun,Bollnäs kommun,Bollnäs,2184,Hudiksvall,2183
Hudiksvalls kommun,Bollnäs kommun,Bollnäs,2184,Hudiksvall,2183
Hudiksvalls kommun,Bollnäs kommun,Bollnäs,2184,Hudiksvall,2183
Hudiksvalls kommun,Bollnäs kommun,Bollnäs,2184,Hudiksvall,2183
Gnesta kommun,Nyköpings kommun,Nyköping,0461,Gnesta,0480
Gnesta kommun,Nyköpings kommun,Nyköping,0461,Gnesta,0480
Gnesta kommun,Nyköpings kommun,Nyköping,0461,Gnesta,0480
Gnesta kommun,Nyköpings kommun,Nyköping,0461,Gnesta,0480
Gnesta kommun,Nyköpings kommun,Nyköping,0461,Gnesta,0480
Gnesta kommun,Nyköpings kommun,Nyköping,0461,Gnesta,0480
Uppvidinge kommun,Hultsfreds kommun,Hultsfred,0760,Uppvidinge,0860
Uppvidinge kommun,Hultsfreds kommun,Hultsfred,0760,Uppvidinge,0860
Uppvidinge kommun,Hultsfreds kommun,Hultsfred,0760,Uppvidinge,0860
Uppvidinge kommun,Hultsfreds kommun,Hultsfred,0760,Uppvidinge,0860
Uppvidinge kommun,Hultsfreds kommun,Hultsfred,0760,Uppvidinge,0860
Uppvidinge kommun,Hultsfreds kommun,Hultsfred,0760,Uppvidinge,0860
Göteborgs stad,Ale kommun,Ale,1480,Göteborg,1440
Göteborgs stad,Ale kommun,Ale,1480,Göteborg,1440
Göteborgs stad,Ale kommun,Ale,1480,Göteborg,1440
Göteborgs stad,Ale kommun,Ale,1480,Göteborg,1440
Göteborgs stad,Ale kommun,Ale,1480,Göteborg,1440
Göteborgs stad,Ale kommun,Ale,1480,Göteborg,1440
Göteborgs stad,Ale kommun,Ale,1480,Göteborg,1440
Göteborgs stad,Ale kommun,Ale,1480,Göteborg,1440
Hagfors kommun,Filipstads kommun,Filipstad,1783,Hagfors,1782
Hagfors kommun,Filipstads kommun,Filipstad,1783,Hagfors,1782
Hagfors kommun,Filipstads kommun,Filipstad,1783,Hagfors,1782
Hagfors kommun,Filipstads kommun,Filipstad,1783,Hagfors,1782
Hagfors kommun,Filipstads kommun,Filipstad,1783,Hagfors,1782
Hagfors kommun,Filipstads kommun,Filipstad,1783,Hagfors,1782
Hagfors kommun,Filipstads kommun,Filipstad,1783,Hagfors,1782
Partille kommun,Lerums kommun,Lerum,1402,Partille,1441
Partille kommun,Lerums kommun,Lerum,1402,Partille,1441
Partille kommun,Lerums kommun,Lerum,1402,Partille,1441
Sigtuna kommun,Norrtälje kommun,Norrtälje,0191,Sigtuna,0188
Sigtuna kommun,Norrtälje kommun,Norrtälje,0191,Sigtuna,0188
Sigtuna kommun,Norrtälje kommun,Norrtälje,0191,Sigtuna,0188
Sigtuna kommun,Norrtälje kommun,Norrtälje,0191,Sigtuna,0188
Sigtuna kommun,Norrtälje kommun,Norrtälje,0191,Sigtuna,0188
Sigtuna kommun,Norrtälje kommun,Norrtälje,0191,Sigtuna,0188
Sigtuna kommun,Norrtälje kommun,Norrtälje,0191,Sigtuna,0188
Kumla kommun,Hallsbergs kommun,Hallsberg,1881,Kumla,1861
Kumla kommun,Hallsbergs kommun,Hallsberg,1881,Kumla,1861
Kumla kommun,Hallsbergs kommun,Hallsberg,1881,Kumla,1861
Hjo kommun,Habo kommun,Habo,1497,Hjo,0643
Hjo kommun,Habo kommun,Habo,1497,Hjo,0643
Hjo kommun,Habo kommun,Habo,1497,Hjo,0643
Hjo kommun,Habo kommun,Habo,1497,Hjo,0643
Hjo kommun,Habo kommun,Habo,1497,Hjo,0643
Lomma kommun,Malmö stad,Malmö,1262,Lomma,1280
Lomma kommun,Malmö stad,Malmö,1262,Lomma,1280
Lomma kommun,Malmö stad,Malmö,1262,Lomma,1280
Lomma kommun,Malmö stad,Malmö,1262,Lomma,1280
Lomma kommun,Malmö stad,Malmö,1262,Lomma,1280
Färgelanda kommun,Vänersborgs kommun,Vänersborg,1439,Färgelanda,1487
Färgelanda kommun,Vänersborgs kommun,Vänersborg,1439,Färgelanda,1487
Färgelanda kommun,Vänersborgs kommun,Vänersborg,1439,Färgelanda,1487
Färgelanda kommun,Vänersborgs kommun,Vänersborg,1439,Färgelanda,1487
Färgelanda kommun,Vänersborgs kommun,Vänersborg,1439,Färgelanda,1487
Färgelanda kommun,Vänersborgs kommun,Vänersborg,1439,Färgelanda,1487
Dals-Eds kommun,Årjängs kommun,Årjäng,1438,Dals-Ed,1765
Dals-Eds kommun,Årjängs kommun,Årjäng,1438,Dals-Ed,1765
Dals-Eds kommun,Årjängs kommun,Årjäng,1438,Dals-Ed,1765
Dals-Eds kommun,Årjängs kommun,Årjäng,1438,Dals-Ed,1765
Dals-Eds kommun,Årjängs kommun,Årjäng,1438,Dals-Ed,1765
Tingsryds kommun,Älmhults kommun,Älmhult,0763,Tingsryd,0765
Tingsryds kommun,Älmhults kommun,Älmhult,0763,Tingsryd,0765
Tingsryds kommun,Älmhults kommun,Älmhult,0763,Tingsryd,0765
Tingsryds kommun,Älmhults kommun,Älmhult,0763,Tingsryd,0765
Tingsryds kommun,Älmhults kommun,Älmhult,0763,Tingsryd,0765
Tingsryds kommun,Älmhults kommun,Älmhult,0763,Tingsryd,0765
Tingsryds kommun,Älmhults kommun,Älmhult,0763,Tingsryd,0765
Tingsryds kommun,Älmhults kommun,Älmhult,0763,Tingsryd,0765
Gnosjö kommun,Gislaveds kommun,Gislaved,0617,Gnosjö,0662
Gnosjö kommun,Gislaveds kommun,Gislaved,0617,Gnosjö,0662
Gnosjö kommun,Gislaveds kommun,Gislaved,0617,Gnosjö,0662
Alingsås kommun,Essunga kommun,Essunga,1489,Alingsås,1445
Alingsås kommun,Essunga kommun,Essunga,1489,Alingsås,1445
Alingsås kommun,Essunga kommun,Essunga,1489,Alingsås,1445
Alingsås kommun,Essunga kommun,Essunga,1489,Alingsås,1445
Alingsås kommun,Essunga kommun,Essunga,1489,Alingsås,1445
Alingsås kommun,Essunga kommun,Essunga,1489,Alingsås,1445
Södertälje kommun,Gnesta kommun,Gnesta,0181,Södertälje,0461
Södertälje kommun,Gnesta kommun,Gnesta,0181,Södertälje,0461
Södertälje kommun,Gnesta kommun,Gnesta,0181,Södertälje,0461
Södertälje kommun,Gnesta kommun,Gnesta,0181,Södertälje,0461
Södertälje kommun,Gnesta kommun,Gnesta,0181,Södertälje,0461
Halmstads kommun,Ljungby kommun,Ljungby,1380,Halmstad,0781
Halmstads kommun,Ljungby kommun,Ljungby,1380,Halmstad,0781
Halmstads kommun,Ljungby kommun,Ljungby,1380,Halmstad,0781
Halmstads kommun,Ljungby kommun,Ljungby,1380,Halmstad,0781
Munkedals kommun,Färgelanda kommun,Färgelanda,1430,Munkedal,1439
Munkedals kommun,Färgelanda kommun,Färgelanda,1430,Munkedal,1439
Munkedals kommun,Färgelanda kommun,Färgelanda,1430,Munkedal,1439
Munkedals kommun,Färgelanda kommun,Färgelanda,1430,Munkedal,1439
Munkedals kommun,Färgelanda kommun,Färgelanda,1430,Munkedal,1439
Munkedals kommun,Färgelanda kommun,Färgelanda,1430,Munkedal,1439
Ekerö kommun,Stockholms stad,Stockholm,0125,Ekerö,0180
Ekerö kommun,Stockholms stad,Stockholm,0125,Ekerö,0180
Ekerö kommun,Stockholms stad,Stockholm,0125,Ekerö,0180
Ekerö kommun,Stockholms stad,Stockholm,0125,Ekerö,0180
Töreboda kommun,Laxå kommun,Laxå,1473,Töreboda,1860
Töreboda kommun,Laxå kommun,Laxå,1473,Töreboda,1860
Töreboda kommun,Laxå kommun,Laxå,1473,Töreboda,1860
Töreboda kommun,Laxå kommun,Laxå,1473,Töreboda,1860
Töreboda kommun,Laxå kommun,Laxå,1473,Töreboda,1860
Töreboda kommun,Laxå kommun,Laxå,1473,Töreboda,1860
Sotenäs kommun,Lysekils kommun,Lysekil,1427,Sotenäs,1484
Sotenäs kommun,Lysekils kommun,Lysekil,1427,Sotenäs,1484
Sotenäs kommun,Lysekils kommun,Lysekil,1427,Sotenäs,1484
Mjölby kommun,Ödeshögs kommun,Ödeshög,0586,Mjölby,0509
Mjölby kommun,Ödeshögs kommun,Ödeshög,0586,Mjölby,0509
Mjölby kommun,Ödeshögs kommun,Ödeshög,0586,Mjölby,0509
Mjölby kommun,Ödeshögs kommun,Ödeshög,0586,Mjölby,0509
Mjölby kommun,Ödeshögs kommun,Ödeshög,0586,Mjölby,0509
Båstads kommun,Ängelholms kommun,Ängelholm,1278,Båstad,1292
Båstads kommun,Ängelholms kommun,Ängelholm,1278,Båstad,1292
Melleruds kommun,Vänersborgs kommun,Vänersborg,1461,Mellerud,1487
Melleruds kommun,Vänersborgs kommun,Vänersborg,1461,Mellerud,1487
Melleruds kommun,Vänersborgs kommun,Vänersborg,1461,Mellerud,1487
Melleruds kommun,Vänersborgs kommun,Vänersborg,1461,Mellerud,1487
Säters kommun,Hedemora kommun,Hedemora,2082,Säter,2083
Säters kommun,Hedemora kommun,Hedemora,2082,Säter,2083
Säters kommun,Hedemora kommun,Hedemora,2082,Säter,2083
Säters kommun,Hedemora kommun,Hedemora,2082,Säter,2083
Säters kommun,Hedemora kommun,Hedemora,2082,Säter,2083
Säters kommun,Hedemora kommun,Hedemora,2082,Säter,2083
Falu kommun,Bollnäs kommun,Bollnäs,2080,Falun,2183
Falu kommun,Bollnäs kommun,Bollnäs,2080,Falun,2183
Falu kommun,Bollnäs kommun,Bollnäs,2080,Falun,2183
Falu kommun,Bollnäs kommun,Bollnäs,2080,Falun,2183
Falu kommun,Bollnäs kommun,Bollnäs,2080,Falun,2183
Falu kommun,Bollnäs kommun,Bollnäs,2080,Falun,2183
Falu kommun,Bollnäs kommun,Bollnäs,2080,Falun,2183
Falu kommun,Bollnäs kommun,Bollnäs,2080,Falun,2183
Falu kommun,Bollnäs kommun,Bollnäs,2080,Falun,2183
Falu kommun,Bollnäs kommun,Bollnäs,2080,Falun,2183
Falu kommun,Bollnäs kommun,Bollnäs,2080,Falun,2183
Haparanda stad,Kalix kommun,Kalix,2583,Haparanda,2514
Haparanda stad,Kalix kommun,Kalix,2583,Haparanda,2514
Ovanåkers kommun,Bollnäs kommun,Bollnäs,2121,Ovanåker,2183
Ovanåkers kommun,Bollnäs kommun,Bollnäs,2121,Ovanåker,2183
Ovanåkers kommun,Bollnäs kommun,Bollnäs,2121,Ovanåker,2183
Ovanåkers kommun,Bollnäs kommun,Bollnäs,2121,Ovanåker,2183
Söderköpings kommun,Linköpings kommun,Linköping,0582,Söderköping,0580
Söderköpings kommun,Linköpings kommun,Linköping,0582,Söderköping,0580
Söderköpings kommun,Linköpings kommun,Linköping,0582,Söderköping,0580
Söderköpings kommun,Linköpings kommun,Linköping,0582,Söderköping,0580
Vingåkers kommun,Örebro kommun,Örebro,0428,Vingåker,1880
Vingåkers kommun,Örebro kommun,Örebro,0428,Vingåker,1880
Vingåkers kommun,Örebro kommun,Örebro,0428,Vingåker,1880
Örebro kommun,Arboga kommun,Arboga,1880,Örebro,1984
Örebro kommun,Arboga kommun,Arboga,1880,Örebro,1984
Örebro kommun,Arboga kommun,Arboga,1880,Örebro,1984
Örebro kommun,Arboga kommun,Arboga,1880,Örebro,1984
Örebro kommun,Arboga kommun,Arboga,1880,Örebro,1984
Örebro kommun,Arboga kommun,Arboga,1880,Örebro,1984
Örebro kommun,Arboga kommun,Arboga,1880,Örebro,1984
Örebro kommun,Arboga kommun,Arboga,1880,Örebro,1984
Örebro kommun,Arboga kommun,Arboga,1880,Örebro,1984
Älvdalens kommun,Malung-Sälens kommun,Malung-Sälen,2039,Älvdalen,2023
Älvdalens kommun,Malung-Sälens kommun,Malung-Sälen,2039,Älvdalen,2023
Älvdalens kommun,Malung-Sälens kommun,Malung-Sälen,2039,Älvdalen,2023
Salems kommun,Ekerö kommun,Ekerö,0128,Salem,0125
Salems kommun,Ekerö kommun,Ekerö,0128,Salem,0125
Salems kommun,Ekerö kommun,Ekerö,0128,Salem,0125
Värnamo kommun,Gislaveds kommun,Gislaved,0683,Värnamo,0662
Värnamo kommun,Gislaveds kommun,Gislaved,0683,Värnamo,0662
Värnamo kommun,Gislaveds kommun,Gislaved,0683,Värnamo,0662
Värnamo kommun,Gislaveds kommun,Gislaved,0683,Värnamo,0662
Värnamo kommun,Gislaveds kommun,Gislaved,0683,Värnamo,0662
Värnamo kommun,Gislaveds kommun,Gislaved,0683,Värnamo,0662
Tranås kommun,Jönköpings kommun,Jönköping,0687,Tranås,0680
Tranås kommun,Jönköpings kommun,Jönköping,0687,Tranås,0680
Tranås kommun,Jönköpings kommun,Jönköping,0687,Tranås,0680
Tranås kommun,Jönköpings kommun,Jönköping,0687,Tranås,0680
Tranås kommun,Jönköpings kommun,Jönköping,0687,Tranås,0680
Vansbro kommun,Gagnefs kommun,Gagnef,2021,Vansbro,2026
Vansbro kommun,Gagnefs kommun,Gagnef,2021,Vansbro,2026
Vansbro kommun,Gagnefs kommun,Gagnef,2021,Vansbro,2026
Vansbro kommun,Gagnefs kommun,Gagnef,2021,Vansbro,2026
Vansbro kommun,Gagnefs kommun,Gagnef,2021,Vansbro,2026
Vansbro kommun,Gagnefs kommun,Gagnef,2021,Vansbro,2026
Perstorps kommun,Klippans kommun,Klippan,1275,Perstorp,1276
Perstorps kommun,Klippans kommun,Klippan,1275,Perstorp,1276
Perstorps kommun,Klippans kommun,Klippan,1275,Perstorp,1276
Aneby kommun,Jönköpings kommun,Jönköping,0604,Aneby,0680
Aneby kommun,Jönköpings kommun,Jönköping,0604,Aneby,0680
Aneby kommun,Jönköpings kommun,Jönköping,0604,Aneby,0680
Aneby kommun,Jönköpings kommun,Jönköping,0604,Aneby,0680
Aneby kommun,Jönköpings kommun,Jönköping,0604,Aneby,0680
Sollefteå kommun,Ragunda kommun,Ragunda,2283,Sollefteå,2303
Sollefteå kommun,Ragunda kommun,Ragunda,2283,Sollefteå,2303
Sollefteå kommun,Ragunda kommun,Ragunda,2283,Sollefteå,2303
Sollefteå kommun,Ragunda kommun,Ragunda,2283,Sollefteå,2303
Sollefteå kommun,Ragunda kommun,Ragunda,2283,Sollefteå,2303
Sollefteå kommun,Ragunda kommun,Ragunda,2283,Sollefteå,2303
Sollefteå kommun,Ragunda kommun,Ragunda,2283,Sollefteå,2303
Sollefteå kommun,Ragunda kommun,Ragunda,2283,Sollefteå,2303
Sollefteå kommun,Ragunda kommun,Ragunda,2283,Sollefteå,2303
Nässjö kommun,Jönköpings kommun,Jönköping,0682,Nässjö,0680
Nässjö kommun,Jönköpings kommun,Jönköping,0682,Nässjö,0680
Nässjö kommun,Jönköpings kommun,Jönköping,0682,Nässjö,0680
Nässjö kommun,Jönköpings kommun,Jönköping,0682,Nässjö,0680
Nässjö kommun,Jönköpings kommun,Jönköping,0682,Nässjö,0680
Nässjö kommun,Jönköpings kommun,Jönköping,0682,Nässjö,0680
Klippans kommun,Ängelholms kommun,Ängelholm,1276,Klippan,1292
Klippans kommun,Ängelholms kommun,Ängelholm,1276,Klippan,1292
Klippans kommun,Ängelholms kommun,Ängelholm,1276,Klippan,1292
Klippans kommun,Ängelholms kommun,Ängelholm,1276,Klippan,1292
Klippans kommun,Ängelholms kommun,Ängelholm,1276,Klippan,1292
Klippans kommun,Ängelholms kommun,Ängelholm,1276,Klippan,1292
Klippans kommun,Ängelholms kommun,Ängelholm,1276,Klippan,1292
Klippans kommun,Ängelholms kommun,Ängelholm,1276,Klippan,1292
Svalövs kommun,Åstorps kommun,Åstorp,1214,Svalöv,1277
Svalövs kommun,Åstorps kommun,Åstorp,1214,Svalöv,1277
Svalövs kommun,Åstorps kommun,Åstorp,1214,Svalöv,1277
Svalövs kommun,Åstorps kommun,Åstorp,1214,Svalöv,1277
Svalövs kommun,Åstorps kommun,Åstorp,1214,Svalöv,1277
Svalövs kommun,Åstorps kommun,Åstorp,1214,Svalöv,1277
Svalövs kommun,Åstorps kommun,Åstorp,1214,Svalöv,1277
Vetlanda kommun,Sävsjö kommun,Sävsjö,0685,Vetlanda,0684
Vetlanda kommun,Sävsjö kommun,Sävsjö,0685,Vetlanda,0684
Vetlanda kommun,Sävsjö kommun,Sävsjö,0685,Vetlanda,0684
Vetlanda kommun,Sävsjö kommun,Sävsjö,0685,Vetlanda,0684
Vetlanda kommun,Sävsjö kommun,Sävsjö,0685,Vetlanda,0684
Vetlanda kommun,Sävsjö kommun,Sävsjö,0685,Vetlanda,0684
Vetlanda kommun,Sävsjö kommun,Sävsjö,0685,Vetlanda,0684
Skara kommun,Falköpings kommun,Falköping,1495,Skara,1499
Skara kommun,Falköpings kommun,Falköping,1495,Skara,1499
Skara kommun,Falköpings kommun,Falköping,1495,Skara,1499
Skara kommun,Falköpings kommun,Falköping,1495,Skara,1499
Skara kommun,Falköpings kommun,Falköping,1495,Skara,1499
Finspångs kommun,Hallsbergs kommun,Hallsberg,0562,Finspång,1861
Finspångs kommun,Hallsbergs kommun,Hallsberg,0562,Finspång,1861
Finspångs kommun,Hallsbergs kommun,Hallsberg,0562,Finspång,1861
Finspångs kommun,Hallsbergs kommun,Hallsberg,0562,Finspång,1861
Finspångs kommun,Hallsbergs kommun,Hallsberg,0562,Finspång,1861
Finspångs kommun,Hallsbergs kommun,Hallsberg,0562,Finspång,1861
Finspångs kommun,Hallsbergs kommun,Hallsberg,0562,Finspång,1861
Sölvesborgs kommun,Karlshamns kommun,Karlshamn,1083,Sölvesborg,1082
Sölvesborgs kommun,Karlshamns kommun,Karlshamn,1083,Sölvesborg,1082
Sölvesborgs kommun,Karlshamns kommun,Karlshamn,1083,Sölvesborg,1082
Helsingborgs stad,Höganäs kommun,Höganäs,1283,Helsingborg,1284
Helsingborgs stad,Höganäs kommun,Höganäs,1283,Helsingborg,1284
Helsingborgs stad,Höganäs kommun,Höganäs,1283,Helsingborg,1284
Helsingborgs stad,Höganäs kommun,Höganäs,1283,Helsingborg,1284
Helsingborgs stad,Höganäs kommun,Höganäs,1283,Helsingborg,1284
Helsingborgs stad,Höganäs kommun,Höganäs,1283,Helsingborg,1284
Nordmalings kommun,Vännäs kommun,Vännäs,2401,Nordmaling,2460
Nordmalings kommun,Vännäs kommun,Vännäs,2401,Nordmaling,2460
Nordmalings kommun,Vännäs kommun,Vännäs,2401,Nordmaling,2460
Nordmalings kommun,Vännäs kommun,Vännäs,2401,Nordmaling,2460
Åstorps kommun,Ängelholms kommun,Ängelholm,1277,Åstorp,1292
Åstorps kommun,Ängelholms kommun,Ängelholm,1277,Åstorp,1292
Åstorps kommun,Ängelholms kommun,Ängelholm,1277,Åstorp,1292
Åstorps kommun,Ängelholms kommun,Ängelholm,1277,Åstorp,1292
Åstorps kommun,Ängelholms kommun,Ängelholm,1277,Åstorp,1292
Degerfors kommun,Karlskoga kommun,Karlskoga,1862,Degerfors,1883
Degerfors kommun,Karlskoga kommun,Karlskoga,1862,Degerfors,1883
Degerfors kommun,Karlskoga kommun,Karlskoga,1862,Degerfors,1883
Degerfors kommun,Karlskoga kommun,Karlskoga,1862,Degerfors,1883
Degerfors kommun,Karlskoga kommun,Karlskoga,1862,Degerfors,1883
Degerfors kommun,Karlskoga kommun,Karlskoga,1862,Degerfors,1883
Landskrona stad,Svalövs kommun,Svalöv,1282,Landskrona,1214
Landskrona stad,Svalövs kommun,Svalöv,1282,Landskrona,1214
Landskrona stad,Svalövs kommun,Svalöv,1282,Landskrona,1214
Ronneby kommun,Karlskrona kommun,Karlskrona,1081,Ronneby,1080
Ronneby kommun,Karlskrona kommun,Karlskrona,1081,Ronneby,1080
Ronneby kommun,Karlskrona kommun,Karlskrona,1081,Ronneby,1080
Ronneby kommun,Karlskrona kommun,Karlskrona,1081,Ronneby,1080
Simrishamns kommun,Tomelilla kommun,Tomelilla,1291,Simrishamn,1270
Simrishamns kommun,Tomelilla kommun,Tomelilla,1291,Simrishamn,1270
Simrishamns kommun,Tomelilla kommun,Tomelilla,1291,Simrishamn,1270
Lidköpings kommun,Grästorps kommun,Grästorp,1494,Lidköping,1444
Lidköpings kommun,Grästorps kommun,Grästorp,1494,Lidköping,1444
Lidköpings kommun,Grästorps kommun,Grästorp,1494,Lidköping,1444
Lidköpings kommun,Grästorps kommun,Grästorp,1494,Lidköping,1444
Lidköpings kommun,Grästorps kommun,Grästorp,1494,Lidköping,1444
Nacka kommun,Huddinge kommun,Huddinge,0182,Nacka,0126
Nacka kommun,Huddinge kommun,Huddinge,0182,Nacka,0126
Nacka kommun,Huddinge kommun,Huddinge,0182,Nacka,0126
Nacka kommun,Huddinge kommun,Huddinge,0182,Nacka,0126
Nacka kommun,Huddinge kommun,Huddinge,0182,Nacka,0126
Stockholms stad,Solna stad,Solna,0180,Stockholm,0184
Stockholms stad,Solna stad,Solna,0180,Stockholm,0184
Stockholms stad,Solna stad,Solna,0180,Stockholm,0184
Stockholms stad,Solna stad,Solna,0180,Stockholm,0184
Stockholms stad,Solna stad,Solna,0180,Stockholm,0184
Stockholms stad,Solna stad,Solna,0180,Stockholm,0184
Stockholms stad,Solna stad,Solna,0180,Stockholm,0184
Stockholms stad,Solna stad,Solna,0180,Stockholm,0184
Stockholms stad,Solna stad,Solna,0180,Stockholm,0184
Stockholms stad,Solna stad,Solna,0180,Stockholm,0184
Lidingö stad,Danderyds kommun,Danderyd,0186,Lidingö,0162
Lidingö stad,Danderyds kommun,Danderyd,0186,Lidingö,0162
Lidingö stad,Danderyds kommun,Danderyd,0186,Lidingö,0162
Lidingö stad,Danderyds kommun,Danderyd,0186,Lidingö,0162
Gällivare kommun,Pajala kommun,Pajala,2523,Gällivare,2521
Gällivare kommun,Pajala kommun,Pajala,2523,Gällivare,2521
Gällivare kommun,Pajala kommun,Pajala,2523,Gällivare,2521
Gällivare kommun,Pajala kommun,Pajala,2523,Gällivare,2521
Gällivare kommun,Pajala kommun,Pajala,2523,Gällivare,2521
Söderhamns kommun,Bollnäs kommun,Bollnäs,2182,Söderhamn,2183
Söderhamns kommun,Bollnäs kommun,Bollnäs,2182,Söderhamn,2183
Söderhamns kommun,Bollnäs kommun,Bollnäs,2182,Söderhamn,2183
Söderhamns kommun,Bollnäs kommun,Bollnäs,2182,Söderhamn,2183
Enköpings kommun,Västerås stad,Västerås,0381,Enköping,1980
Enköpings kommun,Västerås stad,Västerås,0381,Enköping,1980
Enköpings kommun,Västerås stad,Västerås,0381,Enköping,1980
Enköpings kommun,Västerås stad,Västerås,0381,Enköping,1980
Enköpings kommun,Västerås stad,Västerås,0381,Enköping,1980
Trollhättans stad,Grästorps kommun,Grästorp,1488,Trollhättan,1444
Trollhättans stad,Grästorps kommun,Grästorp,1488,Trollhättan,1444
Trollhättans stad,Grästorps kommun,Grästorp,1488,Trollhättan,1444
Trollhättans stad,Grästorps kommun,Grästorp,1488,Trollhättan,1444
Trollhättans stad,Grästorps kommun,Grästorp,1488,Trollhättan,1444
Trollhättans stad,Grästorps kommun,Grästorp,1488,Trollhättan,1444
Trollhättans stad,Grästorps kommun,Grästorp,1488,Trollhättan,1444
Tomelilla kommun,Sjöbo kommun,Sjöbo,1270,Tomelilla,1265
Tomelilla kommun,Sjöbo kommun,Sjöbo,1270,Tomelilla,1265
Tomelilla kommun,Sjöbo kommun,Sjöbo,1270,Tomelilla,1265
Tomelilla kommun,Sjöbo kommun,Sjöbo,1270,Tomelilla,1265
Tomelilla kommun,Sjöbo kommun,Sjöbo,1270,Tomelilla,1265
Övertorneå kommun,Pajala kommun,Pajala,2518,Övertorneå,2521
Övertorneå kommun,Pajala kommun,Pajala,2518,Övertorneå,2521
Övertorneå kommun,Pajala kommun,Pajala,2518,Övertorneå,2521
Övertorneå kommun,Pajala kommun,Pajala,2518,Övertorneå,2521
Lilla Edets kommun,Ale kommun,Ale,1462,Lilla Edet,1440
Lilla Edets kommun,Ale kommun,Ale,1462,Lilla Edet,1440
Lilla Edets kommun,Ale kommun,Ale,1462,Lilla Edet,1440
Lilla Edets kommun,Ale kommun,Ale,1462,Lilla Edet,1440
Lilla Edets kommun,Ale kommun,Ale,1462,Lilla Edet,1440
Lilla Edets kommun,Ale kommun,Ale,1462,Lilla Edet,1440
Vännäs kommun,Umeå kommun,Umeå,2460,Vännäs,2480
Vännäs kommun,Umeå kommun,Umeå,2460,Vännäs,2480
Vännäs kommun,Umeå kommun,Umeå,2460,Vännäs,2480
Vännäs kommun,Umeå kommun,Umeå,2460,Vännäs,2480
Huddinge kommun,Haninge kommun,Haninge,0126,Huddinge,0136
Huddinge kommun,Haninge kommun,Haninge,0126,Huddinge,0136
Huddinge kommun,Haninge kommun,Haninge,0126,Huddinge,0136
Huddinge kommun,Haninge kommun,Haninge,0126,Huddinge,0136
Huddinge kommun,Haninge kommun,Haninge,0126,Huddinge,0136
Ånge kommun,Sundsvalls kommun,Sundsvall,2260,Ånge,2281
Ånge kommun,Sundsvalls kommun,Sundsvall,2260,Ånge,2281
Ånge kommun,Sundsvalls kommun,Sundsvall,2260,Ånge,2281
Ånge kommun,Sundsvalls kommun,Sundsvall,2260,Ånge,2281
Ånge kommun,Sundsvalls kommun,Sundsvall,2260,Ånge,2281
Ånge kommun,Sundsvalls kommun,Sundsvall,2260,Ånge,2281
Ånge kommun,Sundsvalls kommun,Sundsvall,2260,Ånge,2281
Växjö kommun,Sävsjö kommun,Sävsjö,0780,Växjö,0684
Växjö kommun,Sävsjö kommun,Sävsjö,0780,Växjö,0684
Växjö kommun,Sävsjö kommun,Sävsjö,0780,Växjö,0684
Växjö kommun,Sävsjö kommun,Sävsjö,0780,Växjö,0684
Växjö kommun,Sävsjö kommun,Sävsjö,0780,Växjö,0684
Växjö kommun,Sävsjö kommun,Sävsjö,0780,Växjö,0684
Vellinge kommun,Svedala kommun,Svedala,1233,Vellinge,1263
Vellinge kommun,Svedala kommun,Svedala,1233,Vellinge,1263
Vellinge kommun,Svedala kommun,Svedala,1233,Vellinge,1263
Grums kommun,Karlstads kommun,Karlstad,1764,Grums,1780
Grums kommun,Karlstads kommun,Karlstad,1764,Grums,1780
Grums kommun,Karlstads kommun,Karlstad,1764,Grums,1780
Grums kommun,Karlstads kommun,Karlstad,1764,Grums,1780
Tanums kommun,Dals-Eds kommun,Dals-Ed,1435,Tanum,1438
Tanums kommun,Dals-Eds kommun,Dals-Ed,1435,Tanum,1438
Tanums kommun,Dals-Eds kommun,Dals-Ed,1435,Tanum,1438
Tanums kommun,Dals-Eds kommun,Dals-Ed,1435,Tanum,1438
Hedemora kommun,Säters kommun,Säter,2083,Hedemora,2082
Hedemora kommun,Säters kommun,Säter,2083,Hedemora,2082
Hedemora kommun,Säters kommun,Säter,2083,Hedemora,2082
Hedemora kommun,Säters kommun,Säter,2083,Hedemora,2082
Hedemora kommun,Säters kommun,Säter,2083,Hedemora,2082
Hedemora kommun,Säters kommun,Säter,2083,Hedemora,2082
Vara kommun,Falköpings kommun,Falköping,1470,Vara,1499
Vara kommun,Falköpings kommun,Falköping,1470,Vara,1499
Vara kommun,Falköpings kommun,Falköping,1470,Vara,1499
Vara kommun,Falköpings kommun,Falköping,1470,Vara,1499
Vara kommun,Falköpings kommun,Falköping,1470,Vara,1499
Vara kommun,Falköpings kommun,Falköping,1470,Vara,1499
Lunds kommun,Skurups kommun,Skurup,1281,Lund,1264
Lunds kommun,Skurups kommun,Skurup,1281,Lund,1264
Lunds kommun,Skurups kommun,Skurup,1281,Lund,1264
Lunds kommun,Skurups kommun,Skurup,1281,Lund,1264
Lunds kommun,Skurups kommun,Skurup,1281,Lund,1264
Lunds kommun,Skurups kommun,Skurup,1281,Lund,1264
Lunds kommun,Skurups kommun,Skurup,1281,Lund,1264
Lunds kommun,Skurups kommun,Skurup,1281,Lund,1264
Hällefors kommun,Ljusnarsbergs kommun,Ljusnarsberg,1863,Hällefors,1864
Hällefors kommun,Ljusnarsbergs kommun,Ljusnarsberg,1863,Hällefors,1864
Hällefors kommun,Ljusnarsbergs kommun,Ljusnarsberg,1863,Hällefors,1864
Hällefors kommun,Ljusnarsbergs kommun,Ljusnarsberg,1863,Hällefors,1864
Hällefors kommun,Ljusnarsbergs kommun,Ljusnarsberg,1863,Hällefors,1864
Hällefors kommun,Ljusnarsbergs kommun,Ljusnarsberg,1863,Hällefors,1864
Hällefors kommun,Ljusnarsbergs kommun,Ljusnarsberg,1863,Hällefors,1864
Åsele kommun,Sollefteå kommun,Sollefteå,2463,Åsele,2283
Åsele kommun,Sollefteå kommun,Sollefteå,2463,Åsele,2283
Åsele kommun,Sollefteå kommun,Sollefteå,2463,Åsele,2283
Åsele kommun,Sollefteå kommun,Sollefteå,2463,Åsele,2283
Åsele kommun,Sollefteå kommun,Sollefteå,2463,Åsele,2283
Åsele kommun,Sollefteå kommun,Sollefteå,2463,Åsele,2283
Botkyrka kommun,Haninge kommun,Haninge,0127,Botkyrka,0136
Botkyrka kommun,Haninge kommun,Haninge,0127,Botkyrka,0136
Botkyrka kommun,Haninge kommun,Haninge,0127,Botkyrka,0136
Botkyrka kommun,Haninge kommun,Haninge,0127,Botkyrka,0136
Botkyrka kommun,Haninge kommun,Haninge,0127,Botkyrka,0136
Botkyrka kommun,Haninge kommun,Haninge,0127,Botkyrka,0136
Forshaga kommun,Hagfors kommun,Hagfors,1763,Forshaga,1783
Forshaga kommun,Hagfors kommun,Hagfors,1763,Forshaga,1783
Forshaga kommun,Hagfors kommun,Hagfors,1763,Forshaga,1783
Forshaga kommun,Hagfors kommun,Hagfors,1763,Forshaga,1783
Forshaga kommun,Hagfors kommun,Hagfors,1763,Forshaga,1783
Höörs kommun,Klippans kommun,Klippan,1267,Höör,1276
Höörs kommun,Klippans kommun,Klippan,1267,Höör,1276
Höörs kommun,Klippans kommun,Klippan,1267,Höör,1276
Höörs kommun,Klippans kommun,Klippan,1267,Höör,1276
Fagersta kommun,Surahammars kommun,Surahammar,1982,Fagersta,1907
Fagersta kommun,Surahammars kommun,Surahammar,1982,Fagersta,1907
Fagersta kommun,Surahammars kommun,Surahammar,1982,Fagersta,1907
Fagersta kommun,Surahammars kommun,Surahammar,1982,Fagersta,1907
Fagersta kommun,Surahammars kommun,Surahammar,1982,Fagersta,1907
Ulricehamns kommun,Jönköpings kommun,Jönköping,1491,Ulricehamn,0680
Ulricehamns kommun,Jönköpings kommun,Jönköping,1491,Ulricehamn,0680
Ulricehamns kommun,Jönköpings kommun,Jönköping,1491,Ulricehamn,0680
Ulricehamns kommun,Jönköpings kommun,Jönköping,1491,Ulricehamn,0680
Ulricehamns kommun,Jönköpings kommun,Jönköping,1491,Ulricehamn,0680
Ulricehamns kommun,Jönköpings kommun,Jönköping,1491,Ulricehamn,0680
Dorotea kommun,Sollefteå kommun,Sollefteå,2425,Dorotea,2283
Dorotea kommun,Sollefteå kommun,Sollefteå,2425,Dorotea,2283
Dorotea kommun,Sollefteå kommun,Sollefteå,2425,Dorotea,2283
Dorotea kommun,Sollefteå kommun,Sollefteå,2425,Dorotea,2283
Staffanstorps kommun,Svedala kommun,Svedala,1230,Staffanstorp,1263
Staffanstorps kommun,Svedala kommun,Svedala,1230,Staffanstorp,1263
Staffanstorps kommun,Svedala kommun,Svedala,1230,Staffanstorp,1263
Staffanstorps kommun,Svedala kommun,Svedala,1230,Staffanstorp,1263
Staffanstorps kommun,Svedala kommun,Svedala,1230,Staffanstorp,1263
Härnösands kommun,Sollefteå kommun,Sollefteå,2280,Härnösand,2283
Härnösands kommun,Sollefteå kommun,Sollefteå,2280,Härnösand,2283
Härnösands kommun,Sollefteå kommun,Sollefteå,2280,Härnösand,2283
Härnösands kommun,Sollefteå kommun,Sollefteå,2280,Härnösand,2283
Kiruna kommun,Pajala kommun,Pajala,2584,Kiruna,2521
Kiruna kommun,Pajala kommun,Pajala,2584,Kiruna,2521
Uddevalla kommun,Lilla Edets kommun,Lilla Edet,1485,Uddevalla,1462
Uddevalla kommun,Lilla Edets kommun,Lilla Edet,1485,Uddevalla,1462
Uddevalla kommun,Lilla Edets kommun,Lilla Edet,1485,Uddevalla,1462
Uddevalla kommun,Lilla Edets kommun,Lilla Edet,1485,Uddevalla,1462
Uddevalla kommun,Lilla Edets kommun,Lilla Edet,1485,Uddevalla,1462
Uddevalla kommun,Lilla Edets kommun,Lilla Edet,1485,Uddevalla,1462
Uddevalla kommun,Lilla Edets kommun,Lilla Edet,1485,Uddevalla,1462
Uddevalla kommun,Lilla Edets kommun,Lilla Edet,1485,Uddevalla,1462
Håbo kommun,Enköpings kommun,Enköping,0305,Håbo,0381
Håbo kommun,Enköpings kommun,Enköping,0305,Håbo,0381
Håbo kommun,Enköpings kommun,Enköping,0305,Håbo,0381
Håbo kommun,Enköpings kommun,Enköping,0305,Håbo,0381
Håbo kommun,Enköpings kommun,Enköping,0305,Håbo,0381
Eksjö kommun,Nässjö kommun,Nässjö,0686,Eksjö,0682
Eksjö kommun,Nässjö kommun,Nässjö,0686,Eksjö,0682
Eksjö kommun,Nässjö kommun,Nässjö,0686,Eksjö,0682
Eksjö kommun,Nässjö kommun,Nässjö,0686,Eksjö,0682
Eksjö kommun,Nässjö kommun,Nässjö,0686,Eksjö,0682
Eksjö kommun,Nässjö kommun,Nässjö,0686,Eksjö,0682
Ödeshögs kommun,Jönköpings kommun,Jönköping,0509,Ödeshög,0680
Ödeshögs kommun,Jönköpings kommun,Jönköping,0509,Ödeshög,0680
Ödeshögs kommun,Jönköpings kommun,Jönköping,0509,Ödeshög,0680
Ödeshögs kommun,Jönköpings kommun,Jönköping,0509,Ödeshög,0680
Ödeshögs kommun,Jönköpings kommun,Jönköping,0509,Ödeshög,0680
Strömsunds kommun,Ragunda kommun,Ragunda,2313,Strömsund,2303
Strömsunds kommun,Ragunda kommun,Ragunda,2313,Strömsund,2303
Strömsunds kommun,Ragunda kommun,Ragunda,2313,Strömsund,2303
Strömsunds kommun,Ragunda kommun,Ragunda,2313,Strömsund,2303
Strömsunds kommun,Ragunda kommun,Ragunda,2313,Strömsund,2303
Strömsunds kommun,Ragunda kommun,Ragunda,2313,Strömsund,2303
Lerums kommun,Ale kommun,Ale,1441,Lerum,1440
Lerums kommun,Ale kommun,Ale,1441,Lerum,1440
Lerums kommun,Ale kommun,Ale,1441,Lerum,1440
Lerums kommun,Ale kommun,Ale,1441,Lerum,1440
Lerums kommun,Ale kommun,Ale,1441,Lerum,1440
Lerums kommun,Ale kommun,Ale,1441,Lerum,1440
Härjedalens kommun,Ljusdals kommun,Ljusdal,2361,Härjedalen,2161
Härjedalens kommun,Ljusdals kommun,Ljusdal,2361,Härjedalen,2161
Härjedalens kommun,Ljusdals kommun,Ljusdal,2361,Härjedalen,2161
Härjedalens kommun,Ljusdals kommun,Ljusdal,2361,Härjedalen,2161
Härjedalens kommun,Ljusdals kommun,Ljusdal,2361,Härjedalen,2161
Härjedalens kommun,Ljusdals kommun,Ljusdal,2361,Härjedalen,2161
Ydre kommun,Aneby kommun,Aneby,0512,Ydre,0604
Ydre kommun,Aneby kommun,Aneby,0512,Ydre,0604
Ydre kommun,Aneby kommun,Aneby,0512,Ydre,0604
Ydre kommun,Aneby kommun,Aneby,0512,Ydre,0604
Ydre kommun,Aneby kommun,Aneby,0512,Ydre,0604
Ydre kommun,Aneby kommun,Aneby,0512,Ydre,0604
Karlskrona kommun,Torsås kommun,Torsås,1080,Karlskrona,0834
Karlskrona kommun,Torsås kommun,Torsås,1080,Karlskrona,0834
Karlskrona kommun,Torsås kommun,Torsås,1080,Karlskrona,0834
Tjörns kommun,Orust kommun,Orust,1419,Tjörn,1421
Burlövs kommun,Svedala kommun,Svedala,1231,Burlöv,1263
Burlövs kommun,Svedala kommun,Svedala,1231,Burlöv,1263
Burlövs kommun,Svedala kommun,Svedala,1231,Burlöv,1263
Burlövs kommun,Svedala kommun,Svedala,1231,Burlöv,1263
Oxelösunds kommun,Nyköpings kommun,Nyköping,0481,Oxelösund,0480
Norrköpings kommun,Nyköpings kommun,Nyköping,0581,Norrköping,0480
Norrköpings kommun,Nyköpings kommun,Nyköping,0581,Norrköping,0480
Norrköpings kommun,Nyköpings kommun,Nyköping,0581,Norrköping,0480
Norrköpings kommun,Nyköpings kommun,Nyköping,0581,Norrköping,0480
Norrköpings kommun,Nyköpings kommun,Nyköping,0581,Norrköping,0480
Gävle kommun,Söderhamns kommun,Söderhamn,2180,Gävle,2182
Gävle kommun,Söderhamns kommun,Söderhamn,2180,Gävle,2182
Gävle kommun,Söderhamns kommun,Söderhamn,2180,Gävle,2182
Gävle kommun,Söderhamns kommun,Söderhamn,2180,Gävle,2182
Gävle kommun,Söderhamns kommun,Söderhamn,2180,Gävle,2182
Gävle kommun,Söderhamns kommun,Söderhamn,2180,Gävle,2182
Sjöbo kommun,Skurups kommun,Skurup,1265,Sjöbo,1264
Sjöbo kommun,Skurups kommun,Skurup,1265,Sjöbo,1264
Sjöbo kommun,Skurups kommun,Skurup,1265,Sjöbo,1264
Sjöbo kommun,Skurups kommun,Skurup,1265,Sjöbo,1264
Sjöbo kommun,Skurups kommun,Skurup,1265,Sjöbo,1264
Sjöbo kommun,Skurups kommun,Skurup,1265,Sjöbo,1264
Ystads kommun,Skurups kommun,Skurup,1286,Ystad,1264
Ystads kommun,Skurups kommun,Skurup,1286,Ystad,1264
Ystads kommun,Skurups kommun,Skurup,1286,Ystad,1264
Ystads kommun,Skurups kommun,Skurup,1286,Ystad,1264
Örnsköldsviks kommun,Sollefteå kommun,Sollefteå,2284,Örnsköldsvik,2283
Örnsköldsviks kommun,Sollefteå kommun,Sollefteå,2284,Örnsköldsvik,2283
Örnsköldsviks kommun,Sollefteå kommun,Sollefteå,2284,Örnsköldsvik,2283
Örnsköldsviks kommun,Sollefteå kommun,Sollefteå,2284,Örnsköldsvik,2283
Örnsköldsviks kommun,Sollefteå kommun,Sollefteå,2284,Örnsköldsvik,2283
Kramfors kommun,Sollefteå kommun,Sollefteå,2282,Kramfors,2283
Kramfors kommun,Sollefteå kommun,Sollefteå,2282,Kramfors,2283
Kramfors kommun,Sollefteå kommun,Sollefteå,2282,Kramfors,2283
Boxholms kommun,Ödeshögs kommun,Ödeshög,0560,Boxholm,0509
Boxholms kommun,Ödeshögs kommun,Ödeshög,0560,Boxholm,0509
Boxholms kommun,Ödeshögs kommun,Ödeshög,0560,Boxholm,0509
Boxholms kommun,Ödeshögs kommun,Ödeshög,0560,Boxholm,0509
Boxholms kommun,Ödeshögs kommun,Ödeshög,0560,Boxholm,0509
Boxholms kommun,Ödeshögs kommun,Ödeshög,0560,Boxholm,0509
Arjeplogs kommun,Jokkmokks kommun,Jokkmokk,2506,Arjeplog,2510
Arjeplogs kommun,Jokkmokks kommun,Jokkmokk,2506,Arjeplog,2510
Arjeplogs kommun,Jokkmokks kommun,Jokkmokk,2506,Arjeplog,2510
Kinda kommun,Ydre kommun,Ydre,0513,Kinda,0512
Kinda kommun,Ydre kommun,Ydre,0513,Kinda,0512
Kinda kommun,Ydre kommun,Ydre,0513,Kinda,0512
Kinda kommun,Ydre kommun,Ydre,0513,Kinda,0512
Kinda kommun,Ydre kommun,Ydre,0513,Kinda,0512
Kinda kommun,Ydre kommun,Ydre,0513,Kinda,0512
Flens kommun,Nyköpings kommun,Nyköping,0482,Flen,0480
Flens kommun,Nyköpings kommun,Nyköping,0482,Flen,0480
Flens kommun,Nyköpings kommun,Nyköping,0482,Flen,0480
Flens kommun,Nyköpings kommun,Nyköping,0482,Flen,0480
Flens kommun,Nyköpings kommun,Nyköping,0482,Flen,0480
Orsa kommun,Ljusdals kommun,Ljusdal,2034,Orsa,2161
Orsa kommun,Ljusdals kommun,Ljusdal,2034,Orsa,2161
Orsa kommun,Ljusdals kommun,Ljusdal,2034,Orsa,2161
Orsa kommun,Ljusdals kommun,Ljusdal,2034,Orsa,2161
Kalmar kommun,Torsås kommun,Torsås,0880,Kalmar,0834
Kalmar kommun,Torsås kommun,Torsås,0880,Kalmar,0834
Kalmar kommun,Torsås kommun,Torsås,0880,Kalmar,0834
Kalmar kommun,Torsås kommun,Torsås,0880,Kalmar,0834
Lindesbergs kommun,Arboga kommun,Arboga,1885,Lindesberg,1984
Lindesbergs kommun,Arboga kommun,Arboga,1885,Lindesberg,1984
Lindesbergs kommun,Arboga kommun,Arboga,1885,Lindesberg,1984
Lindesbergs kommun,Arboga kommun,Arboga,1885,Lindesberg,1984
Lindesbergs kommun,Arboga kommun,Arboga,1885,Lindesberg,1984
Lindesbergs kommun,Arboga kommun,Arboga,1885,Lindesberg,1984
Lindesbergs kommun,Arboga kommun,Arboga,1885,Lindesberg,1984
Lindesbergs kommun,Arboga kommun,Arboga,1885,Lindesberg,1984
Norsjö kommun,Skellefteå kommun,Skellefteå,2417,Norsjö,2482
Norsjö kommun,Skellefteå kommun,Skellefteå,2417,Norsjö,2482
Norsjö kommun,Skellefteå kommun,Skellefteå,2417,Norsjö,2482
Norsjö kommun,Skellefteå kommun,Skellefteå,2417,Norsjö,2482
Norsjö kommun,Skellefteå kommun,Skellefteå,2417,Norsjö,2482
Vindelns kommun,Vännäs kommun,Vännäs,2404,Vindeln,2460
Vindelns kommun,Vännäs kommun,Vännäs,2404,Vindeln,2460
Vindelns kommun,Vännäs kommun,Vännäs,2404,Vindeln,2460
Vindelns kommun,Vännäs kommun,Vännäs,2404,Vindeln,2460
Vindelns kommun,Vännäs kommun,Vännäs,2404,Vindeln,2460
Vindelns kommun,Vännäs kommun,Vännäs,2404,Vindeln,2460
Vallentuna kommun,Täby kommun,Täby,0115,Vallentuna,0160
Vallentuna kommun,Täby kommun,Täby,0115,Vallentuna,0160
Vallentuna kommun,Täby kommun,Täby,0115,Vallentuna,0160
Vallentuna kommun,Täby kommun,Täby,0115,Vallentuna,0160
Vallentuna kommun,Täby kommun,Täby,0115,Vallentuna,0160
Karlshamns kommun,Tingsryds kommun,Tingsryd,1082,Karlshamn,0763
Karlshamns kommun,Tingsryds kommun,Tingsryd,1082,Karlshamn,0763
Karlshamns kommun,Tingsryds kommun,Tingsryd,1082,Karlshamn,0763
Karlshamns kommun,Tingsryds kommun,Tingsryd,1082,Karlshamn,0763
Kungälvs kommun,Lilla Edets kommun,Lilla Edet,1482,Kungälv,1462
Kungälvs kommun,Lilla Edets kommun,Lilla Edet,1482,Kungälv,1462
Kungälvs kommun,Lilla Edets kommun,Lilla Edet,1482,Kungälv,1462
Kungälvs kommun,Lilla Edets kommun,Lilla Edet,1482,Kungälv,1462
Götene kommun,Skövde kommun,Skövde,1471,Götene,1496
Götene kommun,Skövde kommun,Skövde,1471,Götene,1496
Götene kommun,Skövde kommun,Skövde,1471,Götene,1496
Götene kommun,Skövde kommun,Skövde,1471,Götene,1496
Sandvikens kommun,Falu kommun,Falun,2181,Sandviken,2080
Sandvikens kommun,Falu kommun,Falun,2181,Sandviken,2080
Sandvikens kommun,Falu kommun,Falun,2181,Sandviken,2080
Sandvikens kommun,Falu kommun,Falun,2181,Sandviken,2080
Sandvikens kommun,Falu kommun,Falun,2181,Sandviken,2080
Sandvikens kommun,Falu kommun,Falun,2181,Sandviken,2080
Sandvikens kommun,Falu kommun,Falun,2181,Sandviken,2080
Borlänge kommun,Säters kommun,Säter,2081,Borlänge,2082
Borlänge kommun,Säters kommun,Säter,2081,Borlänge,2082
Borlänge kommun,Säters kommun,Säter,2081,Borlänge,2082
Borlänge kommun,Säters kommun,Säter,2081,Borlänge,2082
Borlänge kommun,Säters kommun,Säter,2081,Borlänge,2082
Skövde kommun,Tidaholms kommun,Tidaholm,1496,Skövde,1498
Skövde kommun,Tidaholms kommun,Tidaholm,1496,Skövde,1498
Skövde kommun,Tidaholms kommun,Tidaholm,1496,Skövde,1498
Skövde kommun,Tidaholms kommun,Tidaholm,1496,Skövde,1498
Skövde kommun,Tidaholms kommun,Tidaholm,1496,Skövde,1498
Skövde kommun,Tidaholms kommun,Tidaholm,1496,Skövde,1498
Skövde kommun,Tidaholms kommun,Tidaholm,1496,Skövde,1498
Skövde kommun,Tidaholms kommun,Tidaholm,1496,Skövde,1498
Åre kommun,Krokoms kommun,Krokom,2321,Åre,2309
Åre kommun,Krokoms kommun,Krokom,2321,Åre,2309
Österåkers kommun,Vaxholms stad,Vaxholm,0117,Österåker,0187
Österåkers kommun,Vaxholms stad,Vaxholm,0117,Österåker,0187
Österåkers kommun,Vaxholms stad,Vaxholm,0117,Österåker,0187
Österåkers kommun,Vaxholms stad,Vaxholm,0117,Österåker,0187
Öckerö kommun,Göteborgs stad,Göteborg,1407,Öckerö,1480
Solna stad,Danderyds kommun,Danderyd,0184,Solna,0162
Solna stad,Danderyds kommun,Danderyd,0184,Solna,0162
Solna stad,Danderyds kommun,Danderyd,0184,Solna,0162
Solna stad,Danderyds kommun,Danderyd,0184,Solna,0162
Arvidsjaurs kommun,Arjeplogs kommun,Arjeplog,2505,Arvidsjaur,2506
Arvidsjaurs kommun,Arjeplogs kommun,Arjeplog,2505,Arvidsjaur,2506
Arvidsjaurs kommun,Arjeplogs kommun,Arjeplog,2505,Arvidsjaur,2506
Arvidsjaurs kommun,Arjeplogs kommun,Arjeplog,2505,Arvidsjaur,2506
Arvidsjaurs kommun,Arjeplogs kommun,Arjeplog,2505,Arvidsjaur,2506
Arvidsjaurs kommun,Arjeplogs kommun,Arjeplog,2505,Arvidsjaur,2506
Arvidsjaurs kommun,Arjeplogs kommun,Arjeplog,2505,Arvidsjaur,2506
Arvidsjaurs kommun,Arjeplogs kommun,Arjeplog,2505,Arvidsjaur,2506
Valdemarsviks kommun,Åtvidabergs kommun,Åtvidaberg,0563,Valdemarsvik,0561
Valdemarsviks kommun,Åtvidabergs kommun,Åtvidaberg,0563,Valdemarsvik,0561
Valdemarsviks kommun,Åtvidabergs kommun,Åtvidaberg,0563,Valdemarsvik,0561
Älvkarleby kommun,Gävle kommun,Gävle,0319,Älvkarleby,2180
Älvkarleby kommun,Gävle kommun,Gävle,0319,Älvkarleby,2180
Kalix kommun,Överkalix kommun,Överkalix,2514,Kalix,2513
Kalix kommun,Överkalix kommun,Överkalix,2514,Kalix,2513
Kalix kommun,Överkalix kommun,Överkalix,2514,Kalix,2513
Kalix kommun,Överkalix kommun,Överkalix,2514,Kalix,2513
Överkalix kommun,Pajala kommun,Pajala,2513,Överkalix,2521
Överkalix kommun,Pajala kommun,Pajala,2513,Överkalix,2521
Överkalix kommun,Pajala kommun,Pajala,2513,Överkalix,2521
Överkalix kommun,Pajala kommun,Pajala,2513,Överkalix,2521
Överkalix kommun,Pajala kommun,Pajala,2513,Överkalix,2521
Överkalix kommun,Pajala kommun,Pajala,2513,Överkalix,2521
Nynäshamns kommun,Haninge kommun,Haninge,0192,Nynäshamn,0136
Nynäshamns kommun,Haninge kommun,Haninge,0192,Nynäshamn,0136
Tyresö kommun,Haninge kommun,Haninge,0138,Tyresö,0136
Tyresö kommun,Haninge kommun,Haninge,0138,Tyresö,0136
Tyresö kommun,Haninge kommun,Haninge,0138,Tyresö,0136
Tyresö kommun,Haninge kommun,Haninge,0138,Tyresö,0136
Åmåls kommun,Årjängs kommun,Årjäng,1492,Åmål,1765
Åmåls kommun,Årjängs kommun,Årjäng,1492,Åmål,1765
Åmåls kommun,Årjängs kommun,Årjäng,1492,Åmål,1765
Åmåls kommun,Årjängs kommun,Årjäng,1492,Åmål,1765
Hörby kommun,Sjöbo kommun,Sjöbo,1266,Hörby,1265
Hörby kommun,Sjöbo kommun,Sjöbo,1266,Hörby,1265
Hörby kommun,Sjöbo kommun,Sjöbo,1266,Hörby,1265
Hörby kommun,Sjöbo kommun,Sjöbo,1266,Hörby,1265
Hörby kommun,Sjöbo kommun,Sjöbo,1266,Hörby,1265
Hörby kommun,Sjöbo kommun,Sjöbo,1266,Hörby,1265
Eda kommun,Årjängs kommun,Årjäng,1730,Eda,1765
Eda kommun,Årjängs kommun,Årjäng,1730,Eda,1765
Munkfors kommun,Hagfors kommun,Hagfors,1762,Munkfors,1783
Munkfors kommun,Hagfors kommun,Hagfors,1762,Munkfors,1783
Munkfors kommun,Hagfors kommun,Hagfors,1762,Munkfors,1783
Ale kommun,Lilla Edets kommun,Lilla Edet,1440,Ale,1462
Ale kommun,Lilla Edets kommun,Lilla Edet,1440,Ale,1462
Ale kommun,Lilla Edets kommun,Lilla Edet,1440,Ale,1462
Ale kommun,Lilla Edets kommun,Lilla Edet,1440,Ale,1462
Ale kommun,Lilla Edets kommun,Lilla Edet,1440,Ale,1462
Ale kommun,Lilla Edets kommun,Lilla Edet,1440,Ale,1462
Tibro kommun,Hjo kommun,Hjo,1472,Tibro,1497
Tibro kommun,Hjo kommun,Hjo,1472,Tibro,1497
Tibro kommun,Hjo kommun,Hjo,1472,Tibro,1497
Tibro kommun,Hjo kommun,Hjo,1472,Tibro,1497
Storfors kommun,Filipstads kommun,Filipstad,1760,Storfors,1782
Storfors kommun,Filipstads kommun,Filipstad,1760,Storfors,1782
Storfors kommun,Filipstads kommun,Filipstad,1760,Storfors,1782
Storfors kommun,Filipstads kommun,Filipstad,1760,Storfors,1782
Storfors kommun,Filipstads kommun,Filipstad,1760,Storfors,1782
Storfors kommun,Filipstads kommun,Filipstad,1760,Storfors,1782
Järfälla kommun,Stockholms stad,Stockholm,0123,Järfälla,0180
Järfälla kommun,Stockholms stad,Stockholm,0123,Järfälla,0180
Järfälla kommun,Stockholms stad,Stockholm,0123,Järfälla,0180
Järfälla kommun,Stockholms stad,Stockholm,0123,Järfälla,0180
Kungsbacka kommun,Härryda kommun,Härryda,1384,Kungsbacka,1401
Kungsbacka kommun,Härryda kommun,Härryda,1384,Kungsbacka,1401
Kungsbacka kommun,Härryda kommun,Härryda,1384,Kungsbacka,1401
Kungsbacka kommun,Härryda kommun,Härryda,1384,Kungsbacka,1401
Kungsbacka kommun,Härryda kommun,Härryda,1384,Kungsbacka,1401
Ängelholms kommun,Båstads kommun,Båstad,1292,Ängelholm,1278
Ängelholms kommun,Båstads kommun,Båstad,1292,Ängelholm,1278
Ängelholms kommun,Båstads kommun,Båstad,1292,Ängelholm,1278
Ängelholms kommun,Båstads kommun,Båstad,1292,Ängelholm,1278
Ängelholms kommun,Båstads kommun,Båstad,1292,Ängelholm,1278
Ängelholms kommun,Båstads kommun,Båstad,1292,Ängelholm,1278
Hofors kommun,Hedemora kommun,Hedemora,2104,Hofors,2083
Hofors kommun,Hedemora kommun,Hedemora,2104,Hofors,2083
Hofors kommun,Hedemora kommun,Hedemora,2104,Hofors,2083
Hofors kommun,Hedemora kommun,Hedemora,2104,Hofors,2083
Hofors kommun,Hedemora kommun,Hedemora,2104,Hofors,2083
Ljungby kommun,Gislaveds kommun,Gislaved,0781,Ljungby,0662
Ljungby kommun,Gislaveds kommun,Gislaved,0781,Ljungby,0662
Ljungby kommun,Gislaveds kommun,Gislaved,0781,Ljungby,0662
Ljungby kommun,Gislaveds kommun,Gislaved,0781,Ljungby,0662
Ljungby kommun,Gislaveds kommun,Gislaved,0781,Ljungby,0662
Ljungby kommun,Gislaveds kommun,Gislaved,0781,Ljungby,0662
Ljungby kommun,Gislaveds kommun,Gislaved,0781,Ljungby,0662
Ljungby kommun,Gislaveds kommun,Gislaved,0781,Ljungby,0662
Leksands kommun,Borlänge kommun,Borlänge,2029,Leksand,2081
Leksands kommun,Borlänge kommun,Borlänge,2029,Leksand,2081
Leksands kommun,Borlänge kommun,Borlänge,2029,Leksand,2081
Leksands kommun,Borlänge kommun,Borlänge,2029,Leksand,2081
Leksands kommun,Borlänge kommun,Borlänge,2029,Leksand,2081
Leksands kommun,Borlänge kommun,Borlänge,2029,Leksand,2081
Orust kommun,Lysekils kommun,Lysekil,1421,Orust,1484
Orust kommun,Lysekils kommun,Lysekil,1421,Orust,1484
Orust kommun,Lysekils kommun,Lysekil,1421,Orust,1484
Orust kommun,Lysekils kommun,Lysekil,1421,Orust,1484
